Date,High,Low,Open,Close,Volume,Adj Close,SMA_200,SMA_50
2018-08-24,4.5,4.239999771118164,4.489999771118164,4.289999961853027,11700.0,4.071864128112793,6.747302536964416,4.775660934448243
2018-08-27,4.380000114440918,4.210000038146973,4.320000171661377,4.25,17400.0,4.03389835357666,6.724601974487305,4.742440595626831
2018-08-28,4.357999801635742,4.260000228881836,4.300000190734863,4.320000171661377,4500.0,4.100338935852051,6.699977293014526,4.710549068450928
2018-08-29,4.349999904632568,4.230000019073486,4.230000019073486,4.349999904632568,3800.0,4.12881326675415,6.675494983196258,4.683213472366333
2018-08-30,4.291999816894531,4.260000228881836,4.260000228881836,4.269999980926514,3200.0,4.052881240844727,6.650497634410858,4.655498218536377
2018-08-31,4.28000020980835,4.260000228881836,4.260000228881836,4.260000228881836,1000.0,4.043389797210693,6.625858964920044,4.625504999160767
2018-09-04,4.375,4.210000038146973,4.210000038146973,4.375,9700.0,4.1525421142578125,6.602307577133178,4.598833808898926
2018-09-05,4.510000228881836,4.360000133514404,4.360000133514404,4.510000228881836,4800.0,4.2806782722473145,6.579577376842499,4.581749076843262
2018-09-06,4.639999866485596,4.409999847412109,4.46999979019165,4.639999866485596,20600.0,4.404067516326904,6.556696972846985,4.567321949005127
2018-09-07,4.690000057220459,4.28000020980835,4.599999904632568,4.650000095367432,39300.0,4.413559436798096,6.533999407291413,4.554033823013306
2018-09-10,4.699999809265137,4.300000190734863,4.699999809265137,4.449999809265137,29300.0,4.223728656768799,6.510081930160522,4.535240602493286
2018-09-11,4.416999816894531,4.25,4.361999988555908,4.380000114440918,8900.0,4.157288074493408,6.487005531787872,4.51549822807312
2018-09-12,4.340000152587891,4.130000114440918,4.340000152587891,4.300000190734863,16400.0,4.081356048583984,6.464271495342254,4.495566034317017
2018-09-13,4.300000190734863,3.6600000858306885,4.070000171661377,4.300000190734863,48000.0,4.081356048583984,6.4433425164222715,4.476203327178955
2018-09-14,4.35699987411499,4.139999866485596,4.28000020980835,4.199999809265137,4000.0,3.986440420150757,6.421036430597305,4.457220273017883
2018-09-17,4.110000133514404,4.039999961853027,4.110000133514404,4.039999961853027,600.0,3.83457612991333,6.3980161464214325,4.436149086952209
2018-09-18,4.110000133514404,3.9700000286102295,4.03000020980835,4.110000133514404,5500.0,3.9010169506073,6.373523018360138,4.423050775527954
2018-09-19,4.239999771118164,4.139999866485596,4.150000095367432,4.239999771118164,1100.0,4.024406433105469,6.348247916698456,4.413179578781128
2018-09-20,4.5,4.179999828338623,4.190000057220459,4.5,3900.0,4.271186351776123,6.324432344436645,4.408243980407715
2018-09-21,4.5,4.423999786376953,4.5,4.5,6300.0,4.271186351776123,6.301654684543609,4.401599912643433
2018-09-24,4.5,4.3979997634887695,4.47599983215332,4.489999771118164,4000.0,4.261694431304932,6.277836780548096,4.391918544769287
2018-09-25,4.4120001792907715,4.170000076293945,4.4120001792907715,4.239999771118164,4000.0,4.024406433105469,6.252832436561585,4.378060913085937
2018-09-26,4.239999771118164,4.239999771118164,4.239999771118164,4.239999771118164,0.0,4.024406433105469,6.2278280925750735,4.363633785247803
2018-09-27,4.230000019073486,4.039999961853027,4.230000019073486,4.119999885559082,3100.0,3.910508394241333,6.2021188795566555,4.346928696632386
2018-09-28,4.159999847412109,3.990000009536743,4.039999961853027,4.0,5100.0,3.796610116958618,6.1804430651664735,4.328894805908203
2018-10-01,4.039999961853027,3.5999999046325684,3.950000047683716,3.5999999046325684,13800.0,3.4169490337371826,6.157229954004288,4.3047863340377805
2018-10-02,3.5999999046325684,3.380000114440918,3.5999999046325684,3.430000066757202,17600.0,3.2555932998657227,6.13623353600502,4.278969388008118
2018-10-03,3.380000114440918,3.2200000286102295,3.369999885559082,3.380000114440918,6800.0,3.2081356048583984,6.111886111497879,4.248216843605041
2018-10-04,3.3399999141693115,3.2200000286102295,3.319999933242798,3.3399999141693115,3800.0,3.1701693534851074,6.086671956777573,4.217464299201965
2018-10-05,3.2100000381469727,3.200000047683716,3.2100000381469727,3.200000047683716,3100.0,3.037288188934326,6.061109281778336,4.186142268180848
2018-10-08,3.6500000953674316,3.180000066757202,3.180000066757202,3.6500000953674316,71500.0,3.464406728744507,6.037546820640564,4.166020231246948
2018-10-09,3.8399999141693115,3.700000047683716,3.700000047683716,3.7699999809265137,15900.0,3.5783050060272217,6.009860705137253,4.1481761598587035
2018-10-10,3.821000099182129,3.319999933242798,3.809999942779541,3.3299999237060547,6300.0,3.160677909851074,5.981575626134872,4.118372769355774
2018-10-11,3.5,3.369999885559082,3.369999885559082,3.4830000400543213,4200.0,3.3058981895446777,5.955460692644119,4.091473784446716
2018-10-12,3.75,3.5899999141693115,3.5899999141693115,3.75,6500.0,3.559321880340576,5.931921542882919,4.0709720849990845
2018-10-15,3.999000072479248,3.690000057220459,3.690000057220459,3.9700000286102295,9200.0,3.7681355476379395,5.908704439401626,4.0533178472518925
2018-10-16,4.447999954223633,3.9800000190734863,4.050000190734863,4.427999973297119,10400.0,4.202847480773926,5.889104939699173,4.052900223731995
2018-10-17,4.5,4.300000190734863,4.400000095367432,4.460000038146973,16500.0,4.233220100402832,5.867807122468949,4.054988360404968
2018-10-18,4.372000217437744,3.809999942779541,4.349999904632568,3.809999942779541,17400.0,3.6162710189819336,5.842792788743973,4.036005311012268
2018-10-19,4.039000034332275,3.8299999237060547,3.8299999237060547,3.9000000953674316,17600.0,3.701694965362549,5.817303050756454,4.014364638328552
2018-10-22,3.9800000190734863,3.799999952316284,3.9709999561309814,3.799999952316284,9500.0,3.6067795753479004,5.790210572481155,3.987408709526062
2018-10-23,3.9100000858306885,3.75,3.75,3.9100000858306885,2800.0,3.711186408996582,5.76341449379921,3.9633002424240114
2018-10-24,4.059999942779541,3.680000066757202,3.700000047683716,3.9800000190734863,7200.0,3.7776269912719727,5.73785315155983,3.950391774177551
2018-10-25,4.0,3.927000045776367,3.9600000381469727,3.990000009536743,9700.0,3.787118673324585,5.713196668624878,3.9369138145446776
2018-10-26,4.099999904632568,3.9700000286102295,3.9700000286102295,4.090000152587891,15500.0,3.8820340633392334,5.687931731939316,3.923435845375061
2018-10-29,4.099999904632568,4.03000020980835,4.038000106811523,4.090000152587891,7300.0,3.8820340633392334,5.662441160678863,3.910147714614868
2018-10-30,4.03000020980835,3.5999999046325684,4.03000020980835,4.010000228881836,5300.0,3.8061017990112305,5.6434301352500915,3.8974290752410887
2018-10-31,4.21999979019165,4.079999923706055,4.079999923706055,4.210000038146973,5500.0,3.995932102203369,5.6247364926338195,3.8885070419311525
2018-11-01,4.309999942779541,4.179999828338623,4.300000190734863,4.199999809265137,4000.0,3.986440420150757,5.604731854200363,3.877876524925232
2018-11-02,4.289999961853027,4.150000095367432,4.150000095367432,4.289999961853027,4100.0,4.071864128112793,5.584928702116013,3.8743646574020385
2018-11-05,4.361999988555908,4.199999809265137,4.289999961853027,4.349999904632568,7400.0,4.12881326675415,5.56518466591835,3.8755036401748657
2018-11-06,4.400000095367432,4.340000152587891,4.340000152587891,4.400000095367432,900.0,4.176271438598633,5.546354812383652,3.878351101875305
2018-11-07,4.420000076293945,4.320000171661377,4.420000076293945,4.389999866485596,5600.0,4.166779518127441,5.527477499246597,3.879679913520813
2018-11-08,4.409999847412109,4.296999931335449,4.349999904632568,4.400000095367432,30100.0,4.176271438598633,5.508783024549484,3.8806290769577028
2018-11-09,4.409999847412109,4.340000152587891,4.340000152587891,4.409999847412109,800.0,4.185762405395508,5.490497018098831,3.883286700248718
2018-11-12,4.429999828338623,4.375,4.409999847412109,4.409999847412109,8800.0,4.185762405395508,5.471940253973007,3.8861341524124144
2018-11-13,4.565999984741211,4.440000057220459,4.440000057220459,4.519999980926514,9100.0,4.2901692390441895,5.454808050394059,3.888886694908142
2018-11-14,4.519999980926514,4.519999980926514,4.519999980926514,4.519999980926514,300.0,4.2901692390441895,5.436062287092209,3.8890765142440795
2018-11-15,4.539999961853027,4.170000076293945,4.489999771118164,4.300000190734863,17200.0,4.081356048583984,5.417791103124618,3.882622284889221
2018-11-16,4.360000133514404,4.328000068664551,4.360000133514404,4.328000068664551,2600.0,4.107932090759277,5.399415510892868,3.876509737968445
2018-11-19,4.320000171661377,4.269999980926514,4.28000020980835,4.320000171661377,9000.0,4.100338935852051,5.381049412488937,3.8740419435501097
2018-11-20,4.21999979019165,4.019999980926514,4.21999979019165,4.199999809265137,1900.0,3.986440420150757,5.361734154224396,3.870624990463257
2018-11-21,4.260000228881836,4.099999904632568,4.260000228881836,4.199999809265137,12100.0,3.986440420150757,5.3437002551555635,3.868726677894592
2018-11-23,4.099999904632568,4.039999961853027,4.099999904632568,4.039999961853027,300.0,3.83457612991333,5.326662966012955,3.8637910795211794
2018-11-26,4.25,4.130000114440918,4.130000114440918,4.199999809265137,9500.0,3.986440420150757,5.310527372360229,3.8637910795211794
2018-11-27,4.239999771118164,4.181000232696533,4.181000232696533,4.199999809265137,3700.0,3.986440420150757,5.293679913282395,3.8668283653259277
2018-11-28,4.13100004196167,4.079999923706055,4.13100004196167,4.099999904632568,12800.0,3.8915252685546875,5.276974829435349,3.8666385316848757
2018-11-29,4.079999923706055,3.990000009536743,4.079999923706055,4.050000190734863,14000.0,3.8440678119659424,5.260222287178039,3.863031759262085
2018-11-30,4.019999980926514,3.930000066757202,4.019999980926514,3.930000066757202,6100.0,3.7301695346832275,5.241381610631943,3.852211422920227
2018-12-03,4.039999961853027,3.819999933242798,4.039999961853027,3.8299999237060547,6500.0,3.635254144668579,5.222066357135772,3.839492778778076
2018-12-04,3.799999952316284,3.7100000381469727,3.799999952316284,3.7100000381469727,600.0,3.5213558673858643,5.2023714411258695,3.824686007499695
2018-12-06,3.609999895095825,3.4100000858306885,3.5,3.5999999046325684,5700.0,3.4169490337371826,5.179117202758789,3.812536859512329
2018-12-07,3.759999990463257,3.6600000858306885,3.6600000858306885,3.740000009536743,5400.0,3.549830436706543,5.159090085029602,3.8030453395843504
2018-12-10,3.819999933242798,3.6500000953674316,3.819999933242798,3.6500000953674316,7000.0,3.464406728744507,5.138920594453811,3.794123306274414
2018-12-11,3.890000104904175,3.6500000953674316,3.796999931335449,3.6500000953674316,23600.0,3.464406728744507,5.117232458591461,3.787479238510132
2018-12-12,3.5999999046325684,3.569999933242798,3.569999933242798,3.5799999237060547,800.0,3.397965908050537,5.096256186962128,3.787099575996399
2018-12-13,3.5799999237060547,3.5799999237060547,3.5799999237060547,3.5799999237060547,0.0,3.397965908050537,5.075754492282868,3.7899470281600953
2018-12-14,3.5799999237060547,3.5799999237060547,3.5799999237060547,3.5799999237060547,0.0,3.397965908050537,5.055490086078644,3.793743634223938
2018-12-17,3.5199999809265137,3.4000000953674316,3.503000020980835,3.4000000953674316,4700.0,3.227118730545044,5.035795170068741,3.7948826217651366
2018-12-18,3.447000026702881,3.4000000953674316,3.4000000953674316,3.440000057220459,500.0,3.265084743499756,5.015720592737198,3.7994385528564454
2018-12-19,3.380000114440918,3.2699999809265137,3.380000114440918,3.3399999141693115,2400.0,3.1701693534851074,4.994981609582901,3.7935538053512574
2018-12-20,3.3399999141693115,3.3399999141693115,3.3399999141693115,3.3399999141693115,0.0,3.1701693534851074,4.974859575033188,3.785391092300415
2018-12-21,3.2699999809265137,2.7100000381469727,3.2699999809265137,2.7850000858306885,5700.0,2.643389940261841,4.952388389110565,3.7750453329086304
2018-12-24,2.869999885559082,2.7699999809265137,2.7699999809265137,2.7799999713897705,15600.0,2.638643980026245,4.930130761861801,3.761700248718262
2018-12-26,2.859999895095825,2.7300000190734863,2.809999942779541,2.7669999599456787,2300.0,2.626305103302002,4.908618220090866,3.74303991317749
2018-12-27,2.7980000972747803,2.450000047683716,2.7709999084472656,2.450000047683716,7300.0,2.3254237174987793,4.885933474302292,3.714185676574707
2018-12-28,2.5399999618530273,2.4100000858306885,2.5199999809265137,2.4100000858306885,10800.0,2.2874577045440674,4.8629639840126035,3.67587788105011
2018-12-31,2.509999990463257,2.4030001163482666,2.450000047683716,2.4609999656677246,3300.0,2.335864305496216,4.840426355600357,3.6379307651519777
2019-01-02,2.5299999713897705,2.4800000190734863,2.490000009536743,2.4800000190734863,25300.0,2.353898286819458,4.817978897094727,3.612683310508728
2019-01-03,2.5899999141693115,2.5,2.5399999618530273,2.5,1200.0,2.3728814125061035,4.796812796592713,3.586107039451599
2019-01-04,2.5769999027252197,2.549999952316284,2.569999933242798,2.5769999027252197,4700.0,2.4459660053253174,4.776344321966171,3.5628907680511475
2019-01-07,2.700000047683716,2.5799999237060547,2.609999895095825,2.690000057220459,15200.0,2.553220272064209,4.757883304357529,3.5397314453125
2019-01-08,2.5999999046325684,2.5799999237060547,2.5999999046325684,2.5899999141693115,6100.0,2.4583048820495605,4.740846017599106,3.5133450031280518
2019-01-09,2.6410000324249268,2.5859999656677246,2.5899999141693115,2.5899999141693115,3200.0,2.4583048820495605,4.722717205286026,3.486768727302551
2019-01-10,2.632999897003174,2.555000066757202,2.5899999141693115,2.619999885559082,6100.0,2.4867794513702393,4.703829069137573,3.4588636350631714
2019-01-11,2.690000057220459,2.5899999141693115,2.687000036239624,2.609999895095825,2900.0,2.477288007736206,4.682425678968429,3.4307687139511107
2019-01-14,2.690000057220459,2.5999999046325684,2.609999895095825,2.625999927520752,8900.0,2.4924745559692383,4.663186358213425,3.404496169090271
2019-01-15,2.6700000762939453,2.5999999046325684,2.630000114440918,2.5999999046325684,2000.0,2.467796564102173,4.644060933589936,3.373933458328247
2019-01-16,2.75,2.6600000858306885,2.6600000858306885,2.700000047683716,15600.0,2.5627119541168213,4.624128731489182,3.3454588890075683
2019-01-17,2.6649999618530273,2.640000104904175,2.6600000858306885,2.6530001163482666,26300.0,2.518101692199707,4.6033090722560885,3.3143836402893068
2019-01-18,2.7799999713897705,2.640000104904175,2.6600000858306885,2.6500000953674316,14800.0,2.515254259109497,4.582759919166565,3.2821124601364136
2019-01-22,2.7699999809265137,2.632999897003174,2.6500000953674316,2.7200000286102295,9100.0,2.5816948413848877,4.562566698789596,3.250220928192139
2019-01-23,2.740000009536743,2.6600000858306885,2.7200000286102295,2.6700000762939453,7200.0,2.5342373847961426,4.542539581060409,3.2175700855255127
2019-01-24,2.75,2.6110000610351562,2.7100000381469727,2.75,1900.0,2.6101694107055664,4.52374636054039,3.1862480449676513
2019-01-25,2.7799999713897705,2.6610000133514404,2.6700000762939453,2.700000047683716,3100.0,2.5627119541168213,4.50514297246933,3.1537870359420777
2019-01-28,2.75,2.240000009536743,2.75,2.2699999809265137,52700.0,2.154576301574707,4.484166700839996,3.1131633138656616
2019-01-29,2.549999952316284,2.190000057220459,2.4800000190734863,2.190000057220459,21200.0,2.078644037246704,4.462810767889023,3.068932809829712
2019-01-30,2.2839999198913574,2.049999952316284,2.200000047683716,2.049999952316284,37700.0,1.9457626342773438,4.441312462091446,3.022044677734375
2019-01-31,2.3299999237060547,2.0899999141693115,2.0899999141693115,2.2300000190734863,10800.0,2.116610050201416,4.420573478937149,2.9827497577667237
2019-02-01,2.2799999713897705,2.2200000286102295,2.2799999713897705,2.2200000286102295,16200.0,2.107118606567383,4.400024324655533,2.9427334880828857
2019-02-04,2.2899999618530273,2.1700000762939453,2.2200000286102295,2.25,9400.0,2.1355931758880615,4.379570088386536,2.903438572883606
2019-02-05,2.25,2.200000047683716,2.25,2.200000047683716,3100.0,2.0881357192993164,4.355366699695587,2.865472478866577
2019-02-06,2.296999931335449,2.1700000762939453,2.249000072479248,2.1700000762939453,6200.0,2.0596611499786377,4.333583649396896,2.826936893463135
2019-02-07,2.25,2.180000066757202,2.25,2.180000066757202,4800.0,2.069152593612671,4.312702293395996,2.7916284227371215
2019-02-08,2.25,2.174999952316284,2.200000047683716,2.180000066757202,3100.0,2.069152593612671,4.290539582967758,2.75328266620636
2019-02-11,2.190000057220459,2.0999999046325684,2.190000057220459,2.0999999046325684,18900.0,1.9932202100753784,4.2681870394945145,2.7134182620048524
2019-02-12,2.1600000858306885,2.0999999046325684,2.140000104904175,2.0999999046325684,3000.0,1.9932202100753784,4.245265007019043,2.675452160835266
2019-02-13,2.1500000953674316,2.049999952316284,2.1500000953674316,2.049999952316284,13100.0,1.9457626342773438,4.222248058319092,2.637486057281494
2019-02-14,2.0999999046325684,1.9800000190734863,2.049999952316284,2.0,67400.0,1.898305058479309,4.199468396306038,2.600848767757416
2019-02-15,2.0,1.9839999675750732,2.0,1.9900000095367432,23100.0,1.8888134956359863,4.176403990387916,2.565919954776764
2019-02-19,2.0399999618530273,1.940000057220459,2.009999990463257,1.9630000591278076,30600.0,1.8631864786148071,4.15344873547554,2.5327565670013428
2019-02-20,2.0,1.899999976158142,1.9600000381469727,1.9600000381469727,61300.0,1.8603390455245972,4.1304317861795425,2.501624367237091
2019-02-21,2.0,1.9199999570846558,1.9600000381469727,1.940000057220459,15600.0,1.8413559198379517,4.107367378473282,2.467454876899719
2019-02-22,1.9800000190734863,1.9199999570846558,1.9600000381469727,1.9500000476837158,69500.0,1.8508474826812744,4.084302971363067,2.4351836919784544
2019-02-25,2.049999952316284,1.9700000286102295,1.9700000286102295,1.9800000190734863,39200.0,1.8793220520019531,4.061238565444946,2.4034819984436036
2019-02-26,2.1500000953674316,1.940000057220459,1.9700000286102295,2.0,992200.0,1.898305058479309,4.038458903431892,2.373488781452179
2019-02-27,2.0299999713897705,1.8300000429153442,2.0299999713897705,1.8799999952316284,500500.0,1.7844067811965942,4.015109750032425,2.3412175989151
2019-02-28,1.9199999570846558,1.7999999523162842,1.8899999856948853,1.909999966621399,111500.0,1.812881350517273,3.9915233093500135,2.309515907764435
2019-03-01,1.9600000381469727,1.8320000171661377,1.9199999570846558,1.8600000143051147,60700.0,1.7654237747192383,3.967604666352272,2.2802820086479185
2019-03-04,1.934999942779541,1.8200000524520874,1.8700000047683716,1.899999976158142,205300.0,1.8033897876739502,3.9419300907850268,2.2510481095314026
2019-03-05,2.200000047683716,1.909999966621399,2.0,2.140000104904175,256100.0,2.031186580657959,3.9188656848669052,2.2282684540748594
2019-03-06,2.5899999141693115,2.140000104904175,2.1500000953674316,2.490000009536743,420500.0,2.363389730453491,3.8974622946977617,2.2121328616142275
2019-03-07,2.680000066757202,2.200000047683716,2.509999990463257,2.4100000858306885,160400.0,2.2874577045440674,3.876058904528618,2.2050142168998716
2019-03-08,2.4649999141693115,2.309999942779541,2.380000114440918,2.4000000953674316,77100.0,2.277966260910034,3.853184331059456,2.1978006625175475
2019-03-11,2.4200000762939453,2.200000047683716,2.4200000762939453,2.2200000286102295,78100.0,2.107118606567383,3.8279368740320208,2.187416932582855
2019-03-12,2.2799999713897705,2.1600000858306885,2.2200000286102295,2.1700000762939453,46500.0,2.0596611499786377,3.8043978923559187,2.1821016812324525
2019-03-13,2.299999952316284,2.1700000762939453,2.180000066757202,2.2699999809265137,11100.0,2.154576301574707,3.7824250119924545,2.179444053173065
2019-03-14,2.2899999618530273,2.1760001182556152,2.2899999618530273,2.190000057220459,22900.0,2.078644037246704,3.759645352959633,2.174299647808075
2019-03-15,2.259999990463257,2.0199999809265137,2.2200000286102295,2.0199999809265137,60200.0,1.917288064956665,3.736391114592552,2.165567443370819
2019-03-18,2.0230000019073486,1.9299999475479126,2.0199999809265137,1.9299999475479126,65600.0,1.831864356994629,3.712330097556114,2.1547471022605897
2019-03-19,2.0,1.9299999475479126,1.9299999475479126,1.9500000476837158,11800.0,1.8508474826812744,3.688506370186806,2.142844731807709
2019-03-20,1.9500000476837158,1.8300000429153442,1.9500000476837158,1.9500000476837158,45900.0,1.8508474826812744,3.665299591422081,2.12879727602005
2019-03-21,1.9900000095367432,1.8890000581741333,1.9800000190734863,1.899999976158142,10600.0,1.8033897876739502,3.64351654112339,2.115698974132538
2019-03-22,1.9700000286102295,1.8899999856948853,1.909999966621399,1.9199999570846558,10300.0,1.8223727941513062,3.623299593925476,2.102980332374573
2019-03-25,1.9900000095367432,1.850000023841858,1.899999976158142,1.871999979019165,19800.0,1.7768135070800781,3.6022378993034363,2.0887810134887697
2019-03-26,1.940000057220459,1.8700000047683716,1.8899999856948853,1.8799999952316284,22400.0,1.7844067811965942,3.5821158653497696,2.0749233889579775
2019-03-27,1.9110000133514404,1.7400000095367432,1.8899999856948853,1.7999999523162842,67300.0,1.7084745168685913,3.5621836614608764,2.059243388175964
2019-03-28,1.8589999675750732,1.7280000448226929,1.8220000267028809,1.7280000448226929,64600.0,1.640135645866394,3.542147051692009,2.042690169811249
2019-03-29,1.843000054359436,1.7400000095367432,1.7400000095367432,1.7799999713897705,23400.0,1.6894915103912354,3.5211233240365982,2.025225760936737
2019-04-01,1.8799999952316284,1.809999942779541,1.8200000524520874,1.8799999952316284,1900.0,1.7844067811965942,3.501808069944382,2.010551862716675
2019-04-02,1.9110000133514404,1.75,1.9110000133514404,1.7799999713897705,55300.0,1.6894915103912354,3.481828410625458,1.9940366077423095
2019-04-03,1.8860000371932983,1.7999999523162842,1.8179999589920044,1.8700000047683716,45000.0,1.7749152183532715,3.462228410243988,1.9779010152816772
2019-04-04,1.9600000381469727,1.899999976158142,1.906999945640564,1.9199999570846558,31000.0,1.8223727941513062,3.4428656977415084,1.9636637234687806
2019-04-05,1.9160000085830688,1.899999976158142,1.9110000133514404,1.9160000085830688,4900.0,1.8185762166976929,3.4244806134700774,1.947831859588623
2019-04-08,1.940000057220459,1.7999999523162842,1.909999966621399,1.940000057220459,25700.0,1.8413559198379517,3.4064941734075544,1.9334047389030458
2019-04-09,1.940000057220459,1.899999976158142,1.9299999475479126,1.9049999713897705,13600.0,1.8081355094909668,3.3878195971250533,1.9264759230613708
2019-04-10,2.430000066757202,1.909999966621399,1.909999966621399,2.4000000953674316,246100.0,2.277966260910034,3.3717789202928543,1.9304623675346375
2019-04-11,2.25,1.9800000190734863,2.25,2.049999952316284,121600.0,1.9457626342773438,3.3558331590890886,1.9304623675346375
2019-04-12,2.119999885559082,2.049999952316284,2.069999933242798,2.0899999141693115,34000.0,1.9837286472320557,3.3401246827840807,1.9278047394752502
2019-04-15,2.119999885559082,1.9450000524520874,2.049999952316284,1.9600000381469727,42200.0,1.8603390455245972,3.3240365493297577,1.9228691482543945
2019-04-16,2.13100004196167,1.9900000095367432,2.0,2.130000114440918,132700.0,2.0216948986053467,3.3083280754089355,1.9205911827087403
2019-04-17,2.2899999618530273,2.0999999046325684,2.119999885559082,2.1600000858306885,26300.0,2.0501694679260254,3.292856888771057,1.9198318576812745
2019-04-18,2.180000066757202,2.109999895095825,2.1600000858306885,2.140000104904175,10700.0,2.031186580657959,3.2776229929924012,1.919262366294861
2019-04-22,2.2799999713897705,2.130000114440918,2.130000114440918,2.2300000190734863,40500.0,2.116610050201416,3.262958586215973,1.9202115154266357
2019-04-23,2.2799999713897705,2.2300000190734863,2.2300000190734863,2.25,37000.0,2.1355931758880615,3.2489585864543913,1.9215403270721436
2019-04-24,2.25,2.130000114440918,2.25,2.130000114440918,49500.0,2.0216948986053467,3.2346263837814333,1.922109820842743
2019-04-25,2.130000114440918,2.0399999618530273,2.130000114440918,2.059999942779541,40500.0,1.9552541971206665,3.2216229921579362,1.9213505005836486
2019-04-26,2.069999933242798,2.059999942779541,2.059999942779541,2.059999942779541,21200.0,1.9552541971206665,3.2088094317913054,1.921540331840515
2019-04-29,2.186000108718872,2.0999999046325684,2.0999999046325684,2.1589999198913574,13000.0,2.049220323562622,3.196465702056885,1.9245586371421814
2019-04-30,2.190000057220459,2.0999999046325684,2.1700000762939453,2.190000057220459,16600.0,2.078644037246704,3.183841973543167,1.9283552479743957
2019-05-01,2.2200000286102295,2.1700000762939453,2.1700000762939453,2.180000066757202,14700.0,2.069152593612671,3.170458922386169,1.932474570274353
2019-05-02,2.2100000381469727,2.115000009536743,2.2100000381469727,2.140000104904175,11000.0,2.031186580657959,3.1570284152030945,1.9358915209770202
2019-05-03,2.200000047683716,2.109999895095825,2.140000104904175,2.130000114440918,4500.0,2.0216948986053467,3.14340807557106,1.9394983005523683
2019-05-06,2.319999933242798,2.069999933242798,2.0799999237060547,2.299999952316284,101400.0,2.1830508708953857,3.130594515800476,1.9461423683166503
2019-05-07,2.299999952316284,2.190000057220459,2.2799999713897705,2.2200000286102295,30100.0,2.107118606567383,3.1176385855674744,1.950698299407959
2019-05-08,2.3299999237060547,2.2100000381469727,2.2100000381469727,2.3299999237060547,39100.0,2.2115252017974854,3.1055843484401704,1.9569627022743226
2019-05-09,2.3499999046325684,2.240000009536743,2.299999952316284,2.3499999046325684,22600.0,2.230508327484131,3.0940046870708464,1.9658847332000733
2019-05-10,2.3499999046325684,2.259999990463257,2.3499999046325684,2.2699999809265137,10800.0,2.154576301574707,3.081048754453659,1.972718632221222
2019-05-13,2.2890000343322754,2.0899999141693115,2.2890000343322754,2.0899999141693115,11100.0,1.9837286472320557,3.0674284148216246,1.9770847296714782
2019-05-14,2.240000009536743,2.0999999046325684,2.119999885559082,2.1500000953674316,52300.0,2.040678024291992,3.0546148562431337,1.9818304944038392
2019-05-15,2.188999891281128,2.0999999046325684,2.1700000762939453,2.130000114440918,18700.0,2.0216948986053467,3.042370787858963,1.9816406607627868
2019-05-16,2.180000066757202,2.109999895095825,2.109999895095825,2.1500000953674316,44800.0,2.040678024291992,3.0302216351032256,1.975186426639557
2019-05-17,2.140000104904175,2.0799999237060547,2.140000104904175,2.140000104904175,20100.0,2.031186580657959,3.0171233308315277,1.9700610041618347
2019-05-20,2.130000114440918,2.0399999618530273,2.130000114440918,2.0399999618530273,3700.0,1.936271071434021,3.00355044901371,1.9632271003723145
2019-05-21,2.180000066757202,2.0799999237060547,2.0799999237060547,2.180000066757202,12300.0,2.069152593612671,2.9909741777181624,1.9624677801132202
2019-05-22,2.2200000286102295,2.119999885559082,2.1700000762939453,2.200000047683716,49400.0,2.0881357192993164,2.9781606191396715,1.9630372714996338
2019-05-23,2.25,2.0999999046325684,2.1700000762939453,2.190000057220459,66600.0,2.078644037246704,2.967435196042061,1.9615186262130737
2019-05-24,2.240000009536743,2.140000104904175,2.190000057220459,2.180000066757202,43900.0,2.069152593612671,2.9571368926763535,1.961328797340393
2019-05-28,2.2699999809265137,2.1600000858306885,2.190000057220459,2.25,72900.0,2.1355931758880615,2.9449877411127092,1.965694899559021
2019-05-29,2.3299999237060547,2.25,2.259999990463257,2.299999952316284,79700.0,2.1830508708953857,2.931984352469444,1.972718629837036
2019-05-30,2.390000104904175,2.309999942779541,2.309999942779541,2.369999885559082,5200.0,2.2494914531707764,2.918458929657936,1.9806915092468262
2019-05-31,2.369999885559082,2.319999933242798,2.3299999237060547,2.3499999046325684,66900.0,2.230508327484131,2.905028422474861,1.9882847261428833
2019-06-03,2.3499999046325684,2.2799999713897705,2.3499999046325684,2.2899999618530273,3400.0,2.1735591888427734,2.8937809664011,1.9956881141662597
2019-06-04,2.2799999713897705,2.200000047683716,2.2699999809265137,2.240000009536743,22200.0,2.1261017322540283,2.882106391787529,2.001762692928314
2019-06-05,2.240000009536743,2.119999885559082,2.240000009536743,2.1700000762939453,14900.0,2.0596611499786377,2.8696250349283217,2.0074196457862854
2019-06-06,2.191999912261963,2.1500000953674316,2.1600000858306885,2.1700000762939453,29300.0,2.0596611499786377,2.8571911376714705,2.012924733161926
2019-06-07,2.2100000381469727,2.1500000953674316,2.180000066757202,2.190000057220459,2400.0,2.078644037246704,2.845374189019203,2.0203281235694885
2019-06-10,2.190000057220459,2.1500000953674316,2.190000057220459,2.1700000762939453,9300.0,2.0596611499786377,2.8334623259305953,2.0287186336517333
2019-06-11,2.180000066757202,2.0999999046325684,2.180000066757202,2.109999895095825,6400.0,2.002711772918701,2.820886053442955,2.0349830389022827
2019-06-12,2.109999895095825,2.0799999237060547,2.0999999046325684,2.0999999046325684,5400.0,1.9932202100753784,2.8096148669719696,2.039159307479858
2019-06-13,2.0799999237060547,1.9700000286102295,2.0799999237060547,1.9700000286102295,8700.0,1.8698304891586304,2.798604698777199,2.0427660870552065
2019-06-14,1.9700000286102295,1.909999966621399,1.9700000286102295,1.909999966621399,7100.0,1.812881350517273,2.7874996137619017,2.0435254096984865
2019-06-17,1.9600000381469727,1.899999976158142,1.899999976158142,1.9500000476837158,6900.0,1.8508474826812744,2.776252156496048,2.0440949034690856
2019-06-18,1.9800000190734863,1.9199999570846558,1.9800000190734863,1.9199999570846558,1400.0,1.8223727941513062,2.764719954133034,2.044170835018158
2019-06-19,2.009999990463257,1.9299999475479126,1.944000005722046,1.940000057220459,56100.0,1.8413559198379517,2.7536623275279997,2.044170835018158
2019-06-20,1.9800000190734863,1.909999966621399,1.9800000190734863,1.940000057220459,70700.0,1.8413559198379517,2.7426521581411363,2.044835243225098
2019-06-21,1.940000057220459,1.8600000143051147,1.9040000438690186,1.8600000143051147,15500.0,1.7654237747192383,2.7307165664434434,2.034584393501282
2019-06-24,1.909999966621399,1.8300000429153442,1.840000033378601,1.909999966621399,9500.0,1.812881350517273,2.718377581834793,2.0319267678260804
2019-06-25,1.909999966621399,1.8600000143051147,1.909999966621399,1.8600000143051147,9400.0,1.7654237747192383,2.705184363126755,2.027560670375824
2019-06-26,1.909999966621399,1.8300000429153442,1.8899999856948853,1.840000033378601,13300.0,1.7464406490325928,2.6918487691879274,2.025282702445984
2019-06-27,1.840000033378601,1.75,1.840000033378601,1.75,71300.0,1.6610169410705566,2.679035210609436,2.018069143295288
2019-06-28,1.8600000143051147,1.7999999523162842,1.8300000429153442,1.7999999523162842,32000.0,1.7084745168685913,2.666791142821312,2.0112352442741392
2019-07-01,1.909999966621399,1.7999999523162842,1.899999976158142,1.8250000476837158,28000.0,1.7322033643722534,2.6550453794002533,2.0052555799484253
2019-07-02,1.8600000143051147,1.7599999904632568,1.8600000143051147,1.8200000524520874,26900.0,1.7274576425552368,2.6432758873701094,1.9974725317955018
2019-07-03,1.8200000524520874,1.8200000524520874,1.8200000524520874,1.8200000524520874,0.0,1.7274576425552368,2.631980973482132,1.9893098211288451
2019-07-05,1.8700000047683716,1.7999999523162842,1.8700000047683716,1.840000033378601,34100.0,1.7464406490325928,2.621540296077728,1.98380473613739
2019-07-08,1.7999999523162842,1.781000018119812,1.7869999408721924,1.7999999523162842,15000.0,1.7084745168685913,2.6105775839090346,1.9788691425323486
2019-07-09,1.8200000524520874,1.7949999570846558,1.7990000247955322,1.8200000524520874,7500.0,1.7274576425552368,2.5990928399562834,1.97431321144104
2019-07-10,1.8799999952316284,1.7599999904632568,1.8200000524520874,1.8799999952316284,21300.0,1.7844067811965942,2.586658942103386,1.9690169405937195
2019-07-11,1.8600000143051147,1.7999999523162842,1.8200000524520874,1.8300000429153442,7600.0,1.7369492053985596,2.573987756371498,1.9621830439567567
2019-07-12,1.8600000143051147,1.7799999713897705,1.7799999713897705,1.850000023841858,1800.0,1.7559322118759155,2.561458945274353,1.9559186363220216
2019-07-15,1.840000033378601,1.784999966621399,1.840000033378601,1.8300000429153442,400.0,1.7369492053985596,2.5500216591358185,1.9500338888168336
2019-07-16,1.7999999523162842,1.7699999809265137,1.7899999618530273,1.7999999523162842,4600.0,1.7084745168685913,2.538441999554634,1.9437694811820985
2019-07-17,1.840000033378601,1.8200000524520874,1.8200000524520874,1.8250000476837158,10800.0,1.7322033643722534,2.5275504744052886,1.9347525310516358
2019-07-18,1.8799999952316284,1.7899999618530273,1.7899999618530273,1.8799999952316284,2200.0,1.7844067811965942,2.5174894577264784,1.92829829454422
2019-07-19,1.8600000143051147,1.840000033378601,1.8600000143051147,1.850000023841858,6800.0,1.7559322118759155,2.509184373617172,1.9191864347457885
2019-07-22,1.840000033378601,1.809000015258789,1.809000015258789,1.840000033378601,2700.0,1.7464406490325928,2.5016386103630066,1.9095050811767578
2019-07-23,1.840000033378601,1.840000033378601,1.840000033378601,1.840000033378601,0.0,1.7464406490325928,2.4943301355838776,1.9013423681259156
2019-07-24,1.840000033378601,1.8350000381469727,1.840000033378601,1.840000033378601,20100.0,1.7464406490325928,2.487211492061615,1.8965966081619263
2019-07-25,1.840000033378601,1.7999999523162842,1.809000015258789,1.840000033378601,7400.0,1.7464406490325928,2.480757254362106,1.8907118606567384
2019-07-26,1.840000033378601,1.75,1.840000033378601,1.7799999713897705,17700.0,1.6894915103912354,2.47188267827034,1.884067792892456
2019-07-29,1.815000057220459,1.7000000476837158,1.7239999771118164,1.815000057220459,9000.0,1.7227119207382202,2.462604712843895,1.8777084708213807
2019-07-30,1.7899999618530273,1.659999966621399,1.7000000476837158,1.690000057220459,60900.0,1.6040678024291992,2.454821662306786,1.8691660952568054
2019-07-31,1.7899999618530273,1.5199999809265137,1.690000057220459,1.7799999713897705,58700.0,1.6894915103912354,2.4467396289110184,1.8642305040359497
2019-08-01,1.7400000095367432,1.5499999523162842,1.7400000095367432,1.5499999523162842,7300.0,1.4711863994598389,2.4362989515066147,1.852271180152893
2019-08-02,1.809999942779541,1.5499999523162842,1.649999976158142,1.690000057220459,59100.0,1.6040678024291992,2.425478612780571,1.8425898218154908
2019-08-05,1.9299999475479126,1.649999976158142,1.7000000476837158,1.9299999475479126,86200.0,1.831864356994629,2.4136236971616745,1.8376542282104493
2019-08-06,1.9299999475479126,1.809999942779541,1.9299999475479126,1.899999976158142,55200.0,1.8033897876739502,2.40147454559803,1.8323389720916747
2019-08-07,1.899999976158142,1.8700000047683716,1.899999976158142,1.899999976158142,38400.0,1.8033897876739502,2.3924101394414903,1.8256949043273927
2019-08-08,1.9500000476837158,1.8799999952316284,1.9500000476837158,1.940000057220459,40500.0,1.8413559198379517,2.383108444213867,1.818861005306244
2019-08-09,2.0299999713897705,1.940000057220459,1.9500000476837158,2.0,43300.0,1.898305058479309,2.3745660716295243,1.8118372774124145
2019-08-12,2.0399999618530273,1.9299999475479126,2.0299999713897705,2.0299999713897705,36300.0,1.9267796277999878,2.3656440377235413,1.8057627034187318
2019-08-13,2.059999942779541,1.9900000095367432,2.049999952316284,2.0510001182556152,9200.0,1.9467118978500366,2.3564894622564316,1.801225757598877
2019-08-14,2.130000114440918,1.8899999856948853,2.069999933242798,2.0999999046325684,92500.0,1.9932202100753784,2.3475199699401856,1.798568127155304
2019-08-15,2.0899999141693115,2.009999990463257,2.0799999237060547,2.0799999237060547,29600.0,1.9742372035980225,2.3379809856414795,1.7968596482276917
2019-08-16,2.140000104904175,2.0999999046325684,2.109999895095825,2.109999895095825,54600.0,2.002711772918701,2.328584374189377,1.7957206606864928
2019-08-19,2.180000066757202,2.140000104904175,2.1500000953674316,2.1700000762939453,10100.0,2.0596611499786377,2.319852170944214,1.7953410029411316
2019-08-20,2.259999990463257,2.130000114440918,2.180000066757202,2.25,34600.0,2.1355931758880615,2.3105504763126374,1.79685964345932
2019-08-21,2.2909998893737793,2.190000057220459,2.2699999809265137,2.2699999809265137,19000.0,2.154576301574707,2.3013911557197573,1.7998969340324402
2019-08-22,2.319999933242798,2.244999885559082,2.299999952316284,2.309999942779541,37000.0,2.192542314529419,2.29199454665184,1.803883376121521
2019-08-23,2.3399999141693115,2.2820000648498535,2.3299999237060547,2.3299999237060547,26300.0,2.2115252017974854,2.2824081063270567,1.8107172703742982
2019-08-26,2.309999942779541,2.1700000762939453,2.309999942779541,2.1700000762939453,4000.0,2.0596611499786377,2.2718250548839567,1.8156528663635254
2019-08-27,2.299999952316284,2.200000047683716,2.25,2.25,40700.0,2.1355931758880615,2.26166912317276,1.8213477802276612
2019-08-28,2.3299999237060547,2.259999990463257,2.2899999618530273,2.3299999237060547,38300.0,2.2115252017974854,2.251845391988754,1.8291308283805847
2019-08-29,2.3299999237060547,2.1700000762939453,2.3299999237060547,2.2200000286102295,2400.0,2.107118606567383,2.2414521729946135,1.8344460821151733
2019-08-30,2.309999942779541,2.2100000381469727,2.2699999809265137,2.2899999618530273,38500.0,2.1735591888427734,2.23139115691185,1.8410901474952697
2019-09-03,2.2799999713897705,2.180000066757202,2.2799999713897705,2.180000066757202,3800.0,2.069152593612671,2.2202860736846923,1.8471647238731383
2019-09-04,2.190000057220459,2.130000114440918,2.1700000762939453,2.140000104904175,1700.0,2.031186580657959,2.2089911603927614,1.8515308284759522
2019-09-05,2.200000047683716,2.1500000953674316,2.1600000858306885,2.190000057220459,1200.0,2.078644037246704,2.198977600336075,1.8577952337265016
2019-09-06,2.1689999103546143,2.119999885559082,2.1600000858306885,2.140000104904175,1100.0,2.031186580657959,2.1885938727855683,1.8634901523590088
2019-09-09,2.188999891281128,2.069999933242798,2.1700000762939453,2.0899999141693115,5600.0,1.9837286472320557,2.1780108213424683,1.8699443864822387
2019-09-10,2.069999933242798,2.0399999618530273,2.049999952316284,2.049999952316284,2600.0,1.9457626342773438,2.167807432413101,1.8746901488304137
2019-09-11,2.0799999237060547,2.009999990463257,2.0799999237060547,2.0199999809265137,23600.0,1.917288064956665,2.157461670637131,1.878391842842102
2019-09-12,2.0399999618530273,1.9700000286102295,2.0199999809265137,1.9700000286102295,16000.0,1.8698304891586304,2.147637942433357,1.8812392997741698
2019-09-13,2.0399999618530273,1.7799999713897705,1.9800000190734863,1.7899999618530273,14700.0,1.6989829540252686,2.13620065510273,1.8806698060035705
2019-09-16,1.8700000047683716,1.7999999523162842,1.809999942779541,1.7999999523162842,19400.0,1.7084745168685913,2.124810825586319,1.8799104833602904
2019-09-17,1.8339999914169312,1.7899999618530273,1.8300000429153442,1.7999999523162842,9600.0,1.7084745168685913,2.1138955718278885,1.8799104833602904
2019-09-18,1.7400000095367432,1.7000000476837158,1.7400000095367432,1.7000000476837158,26600.0,1.613559365272522,2.1027430295944214,1.8776325178146362
2019-09-19,1.7100000381469727,1.6799999475479126,1.7100000381469727,1.6799999475479126,19000.0,1.5945762395858765,2.092065063118935,1.873835906982422
2019-09-20,1.7899999618530273,1.7100000381469727,1.7400000095367432,1.7799999713897705,4300.0,1.6894915103912354,2.0823362499475477,1.8728867530822755
2019-09-23,1.7400000095367432,1.7369999885559082,1.7369999885559082,1.7400000095367432,400.0,1.6515253782272339,2.0729870975017546,1.8707986164093018
2019-09-24,1.75,1.7000000476837158,1.75,1.7400000095367432,15100.0,1.6515253782272339,2.064159979224205,1.8690901398658752
2019-09-25,1.840000033378601,1.75,1.7799999713897705,1.75,5500.0,1.6610169410705566,2.054715911746025,1.8681409883499145
2019-09-26,1.8200000524520874,1.7899999618530273,1.809999942779541,1.8200000524520874,7000.0,1.7274576425552368,2.0460311663150788,1.8680460739135742
2019-09-27,1.7940000295639038,1.7899999618530273,1.7899999618530273,1.7940000295639038,600.0,1.7027796506881714,2.037223030924797,1.8664135313034058
2019-09-30,1.8200000524520874,1.8200000524520874,1.8200000524520874,1.8200000524520874,100.0,1.7274576425552368,2.0288704895973204,1.8658440399169922
2019-10-01,1.8200000524520874,1.75,1.75,1.809999942779541,3200.0,1.717966079711914,2.0204704904556277,1.8652745485305786
2019-10-02,1.809999942779541,1.809999942779541,1.809999942779541,1.809999942779541,500.0,1.717966079711914,2.0120704913139345,1.864705057144165
2019-10-03,1.7899999618530273,1.7899999618530273,1.7899999618530273,1.7899999618530273,2100.0,1.6989829540252686,2.0044298124313356,1.8637559032440185
2019-10-04,1.8109999895095825,1.8040000200271606,1.8040000200271606,1.809999942779541,5400.0,1.717966079711914,1.9966942191123962,1.863186411857605
2019-10-07,1.8170000314712524,1.809999942779541,1.809999942779541,1.809999942779541,1600.0,1.717966079711914,1.9894332027435302,1.8637559032440185
2019-10-08,1.8309999704360962,1.8240000009536743,1.8240000009536743,1.8309999704360962,300.0,1.7378982305526733,1.982271847128868,1.8640596294403076
2019-10-09,1.8200000524520874,1.8170000314712524,1.8170000314712524,1.8200000524520874,1400.0,1.7274576425552368,1.977692185640335,1.8665274262428284
2019-10-10,1.8300000429153442,1.8200000524520874,1.8300000429153442,1.8200000524520874,400.0,1.7274576425552368,1.97313625395298,1.8672867488861085
2019-10-11,1.809999942779541,1.7899999618530273,1.809999942779541,1.7899999618530273,5400.0,1.6989829540252686,1.9684996432065964,1.871842679977417
2019-10-14,1.7899999618530273,1.7899999618530273,1.7899999618530273,1.7899999618530273,100.0,1.6989829540252686,1.9653674393892289,1.8737409830093383
2019-10-15,1.7799999713897705,1.7699999809265137,1.7699999809265137,1.7699999809265137,2900.0,1.6799999475479126,1.962330150604248,1.870703694820404
2019-10-16,1.7799999713897705,1.7799999713897705,1.7799999713897705,1.7799999713897705,500.0,1.6894915103912354,1.9590982866287232,1.8684257292747497
2019-10-17,1.7999999523162842,1.7999999523162842,1.7999999523162842,1.7999999523162842,200.0,1.7084745168685913,1.9558711677789689,1.8665274238586427
2019-10-18,1.7999999523162842,1.7999999523162842,1.7999999523162842,1.7999999523162842,100.0,1.7084745168685913,1.9525491333007812,1.8638697957992554
2019-10-21,1.809999942779541,1.809999942779541,1.809999942779541,1.809999942779541,400.0,1.717966079711914,1.9489091336727142,1.8602630162239076
2019-10-22,1.8300000429153442,1.7999999523162842,1.7999999523162842,1.8200000524520874,3200.0,1.7274576425552368,1.9447803205251695,1.8562765765190123
2019-10-23,1.9500000476837158,1.8309999704360962,1.8450000286102295,1.9199999570846558,32800.0,1.8223727941513062,1.941600660085678,1.8537897944450379
2019-10-24,1.9700000286102295,1.8700000047683716,1.9700000286102295,1.8700000047683716,9400.0,1.7749152183532715,1.9381837117671967,1.8494236946105957
2019-10-25,1.8899999856948853,1.850000023841858,1.850000023841858,1.8650000095367432,8100.0,1.7701694965362549,1.9346006619930267,1.8453423404693603
2019-10-28,1.899999976158142,1.7999999523162842,1.7999999523162842,1.8899999856948853,9700.0,1.7938982248306274,1.9311837130784988,1.8411660695075989
2019-10-29,1.899999976158142,1.8890000581741333,1.8899999856948853,1.8899999856948853,17200.0,1.7938982248306274,1.9276908314228058,1.8358508110046388
2019-10-30,1.9500000476837158,1.8799999952316284,1.8899999856948853,1.899999976158142,44000.0,1.8033897876739502,1.9243687975406647,1.8292067432403565
2019-10-31,1.9249999523162842,1.899999976158142,1.9199999570846558,1.899999976158142,10700.0,1.8033897876739502,1.9205721867084504,1.8221830129623413
2019-11-01,2.049999952316284,1.899999976158142,2.049999952316284,1.9800000190734863,89900.0,1.8793220520019531,1.9173782885074615,1.815918607711792
2019-11-04,2.005000114440918,1.940000057220459,2.0,1.9800000190734863,86500.0,1.8793220520019531,1.9141986274719238,1.8092745447158813
2019-11-05,2.0999999046325684,1.9800000190734863,2.0999999046325684,2.009999990463257,64000.0,1.9077966213226318,1.9108291363716126,1.8062372541427612
2019-11-06,2.0999999046325684,1.9800000190734863,2.0999999046325684,2.009999990463257,52900.0,1.9077966213226318,1.907696932554245,1.8016813230514526
2019-11-07,2.0999999046325684,1.9800000190734863,2.0999999046325684,2.0,74700.0,1.898305058479309,1.9041376107931136,1.7954169201850891
2019-11-08,2.1500000953674316,1.9900000095367432,2.1500000953674316,2.0,88900.0,1.898305058479309,1.9008155763149261,1.7912406492233277
2019-11-11,2.1500000953674316,2.0799999237060547,2.1500000953674316,2.0899999141693115,72900.0,1.9837286472320557,1.899961338043213,1.7874440383911132
2019-11-12,2.1500000953674316,2.069999933242798,2.1500000953674316,2.119999885559082,82400.0,2.0122032165527344,1.899629133939743,1.7863050508499145
2019-11-13,2.1600000858306885,2.109999895095825,2.1500000953674316,2.1600000858306885,90600.0,2.0501694679260254,1.9001511681079863,1.786684708595276
2019-11-14,2.200000047683716,2.1500000953674316,2.180000066757202,2.1500000953674316,86000.0,2.040678024291992,1.8997715079784394,1.7859253883361816
2019-11-15,2.2100000381469727,2.1700000762939453,2.200000047683716,2.200000047683716,56800.0,2.0881357192993164,1.899676593542099,1.7870643711090088
2019-11-18,2.2200000286102295,2.180000066757202,2.2200000286102295,2.190000057220459,2300.0,2.078644037246704,1.8993918478488923,1.7889626789093018
2019-11-19,2.2100000381469727,2.109999895095825,2.200000047683716,2.1500000953674316,42300.0,2.040678024291992,1.8991545593738557,1.7908609867095948
2019-11-20,2.2200000286102295,2.1500000953674316,2.1700000762939453,2.1700000762939453,31400.0,2.0596611499786377,1.8991545593738557,1.793708448410034
2019-11-21,2.240000009536743,2.1500000953674316,2.2200000286102295,2.1700000762939453,55700.0,2.0596611499786377,1.8991071021556853,1.7975050616264343
2019-11-22,2.240000009536743,2.119999885559082,2.190000057220459,2.1700000762939453,58600.0,2.0596611499786377,1.8990596449375152,1.8047186255455017
2019-11-25,2.200000047683716,2.065000057220459,2.200000047683716,2.069999933242798,67200.0,1.9647456407546997,1.8989172720909118,1.8098440480232239
2019-11-26,2.180000066757202,2.009999990463257,2.130000114440918,2.049999952316284,123700.0,1.9457626342773438,1.8986799842119217,1.8145898103713989
2019-11-27,2.0999999046325684,1.9800000190734863,2.0799999237060547,1.9950000047683716,70400.0,1.8935593366622925,1.8984189677238463,1.8201898097991944
2019-11-29,2.059999942779541,1.9600000381469727,1.9600000381469727,2.0199999809265137,138000.0,1.917288064956665,1.8985138827562331,1.82664404630661
2019-12-02,2.0299999713897705,1.9299999475479126,2.0299999713897705,1.9299999475479126,7300.0,1.831864356994629,1.8982291370630264,1.829491503238678
2019-12-03,1.9500000476837158,1.8200000524520874,1.9500000476837158,1.850000023841858,6800.0,1.7559322118759155,1.897692865729332,1.8315796399116515
2019-12-04,1.899999976158142,1.8700000047683716,1.8700000047683716,1.8899999856948853,3800.0,1.7938982248306274,1.897360661625862,1.8344270968437195
2019-12-05,1.899999976158142,1.8799999952316284,1.8899999856948853,1.899999976158142,900.0,1.8033897876739502,1.8971708309650421,1.8372745537757873
2019-12-06,1.850000023841858,1.8049999475479126,1.8450000286102295,1.8300000429153442,9600.0,1.7369492053985596,1.8966013395786285,1.8374643850326537
2019-12-09,1.8300000429153442,1.781999945640564,1.781999945640564,1.8300000429153442,4700.0,1.7369492053985596,1.8958894753456115,1.8381477761268616
2019-12-10,1.8300000429153442,1.7999999523162842,1.8300000429153442,1.8200000524520874,2200.0,1.7274576425552368,1.8950352382659912,1.8381477761268616
2019-12-11,1.909999966621399,1.840000033378601,1.840000033378601,1.899999976158142,900.0,1.8033897876739502,1.895130153298378,1.8398562502861022
2019-12-12,1.8799999952316284,1.8200000524520874,1.840000033378601,1.8600000143051147,1600.0,1.7654237747192383,1.8948928654193877,1.8408054041862487
2019-12-13,1.902999997138977,1.8899999856948853,1.899999976158142,1.8899999856948853,1200.0,1.7938982248306274,1.8950352376699449,1.842703709602356
2019-12-16,1.899999976158142,1.899999976158142,1.899999976158142,1.899999976158142,500.0,1.8033897876739502,1.8950352376699449,1.8444121837615968
2019-12-17,1.8600000143051147,1.75,1.850000023841858,1.8209999799728394,8200.0,1.7284067869186401,1.8935213387012482,1.8446209979057313
2019-12-18,1.809999942779541,1.7599999904632568,1.7599999904632568,1.7999999523162842,9500.0,1.7084745168685913,1.8902467626333237,1.8440325236320496
2019-12-19,1.8799999952316284,1.850000023841858,1.850000023841858,1.8550000190734863,1100.0,1.7606779336929321,1.887612863779068,1.8446969294548035
2019-12-20,1.8899999856948853,1.809999942779541,1.8700000047683716,1.8200000524520874,6700.0,1.7274576425552368,1.884860320687294,1.8446969294548035
2019-12-23,1.850000023841858,1.7999999523162842,1.8200000524520874,1.8200000524520874,4200.0,1.7274576425552368,1.8829620158672333,1.8452664232254028
2019-12-24,1.8200000524520874,1.75,1.8200000524520874,1.75,10600.0,1.6610169410705566,1.880968794822693,1.8445071029663085
2019-12-26,1.7999999523162842,1.7630000114440918,1.7630000114440918,1.7899999618530273,2200.0,1.6989829540252686,1.8786908280849457,1.8448867630958556
2019-12-27,1.7899999618530273,1.75,1.7899999618530273,1.75,60200.0,1.6610169410705566,1.8766026926040649,1.844317271709442
2019-12-30,1.7300000190734863,1.5700000524520874,1.7100000381469727,1.5700000524520874,67600.0,1.4901695251464844,1.8744670999050141,1.839951171875
2019-12-31,1.690000057220459,1.600000023841858,1.6399999856948853,1.600000023841858,33600.0,1.518644094467163,1.8729009985923768,1.8361545634269714
2020-01-02,1.6799999475479126,1.6299999952316284,1.6299999952316284,1.6799999475479126,700.0,1.5945762395858765,1.8716196423768998,1.8336867666244507
2020-01-03,1.7400000095367432,1.7059999704360962,1.7100000381469727,1.7300000190734863,700.0,1.6420339345932007,1.8705755746364594,1.83197829246521
2020-01-06,1.7300000190734863,1.690000057220459,1.7100000381469727,1.7300000190734863,500.0,1.6420339345932007,1.8697687953710556,1.8283715152740478
2020-01-07,1.6799999475479126,1.6100000143051147,1.659999966621399,1.659999966621399,7200.0,1.575593113899231,1.8685348969697952,1.8243850731849671
2020-01-08,1.6799999475479126,1.6100000143051147,1.6799999475479126,1.6100000143051147,13600.0,1.5281355381011963,1.8672915071249008,1.8195443940162659
2020-01-09,1.6699999570846558,1.559999942779541,1.659999966621399,1.600000023841858,46900.0,1.518644094467163,1.8659626936912537,1.8140393114089965
2020-01-10,1.649999976158142,1.6200000047683716,1.6449999809265137,1.6200000047683716,10900.0,1.537627100944519,1.8651084566116334,1.8089138889312744
2020-01-13,1.6299999952316284,1.5800000429153442,1.6299999952316284,1.5800000429153442,17900.0,1.4996610879898071,1.8644060838222503,1.8028393149375916
2020-01-14,1.7100000381469727,1.6200000047683716,1.6699999570846558,1.7100000381469727,6800.0,1.6230508089065552,1.864073880314827,1.7992325353622436
2020-01-15,1.7999999523162842,1.7100000381469727,1.7300000190734863,1.7699999809265137,28000.0,1.6799999475479126,1.8635518461465836,1.7952460932731629
2020-01-16,1.968999981880188,1.7109999656677246,1.8700000047683716,1.75,358700.0,1.75,1.8638543885946275,1.7926596522331237
2020-01-17,1.8600000143051147,1.7599999904632568,1.809999942779541,1.7599999904632568,14600.0,1.7599999904632568,1.8637798124551772,1.7897037196159362
2020-01-21,1.7300000190734863,1.649999976158142,1.649999976158142,1.7100000381469727,22500.0,1.7100000381469727,1.8632179486751557,1.785747787952423
2020-01-22,1.7289999723434448,1.6699999570846558,1.7100000381469727,1.7000000476837158,5500.0,1.7000000476837158,1.8626250678300857,1.7817816877365111
2020-01-23,1.6399999856948853,1.5800000429153442,1.6399999856948853,1.600000023841858,40000.0,1.600000023841858,1.8614182883501054,1.7758155870437622
2020-01-24,1.6299999952316284,1.5700000524520874,1.600000023841858,1.6200000047683716,1700.0,1.6200000047683716,1.8604776108264922,1.7685410141944886
2020-01-27,1.6299999952316284,1.5299999713897705,1.6299999952316284,1.600000023841858,14400.0,1.600000023841858,1.8570877796411513,1.760296950340271
2020-01-28,1.6299999952316284,1.5800000429153442,1.6299999952316284,1.6100000143051147,2300.0,1.6100000143051147,1.8554089665412903,1.7514935612678528
2020-01-29,1.600000023841858,1.5499999523162842,1.5850000381469727,1.5499999523162842,3000.0,1.5499999523162842,1.8532403230667114,1.7416799998283385
2020-01-30,1.5520000457763672,1.4700000286102295,1.5499999523162842,1.4800000190734863,20000.0,1.4800000190734863,1.851338627934456,1.729517285823822
2020-01-31,1.5299999713897705,1.1799999475479126,1.5099999904632568,1.2300000190734863,50100.0,1.2300000190734863,1.8473801535367966,1.7125444054603576
2020-02-03,1.6699999570846558,1.3700000047683716,1.409999966621399,1.5800000429153442,82000.0,1.5800000429153442,1.8450293064117431,1.7033308458328247
2020-02-04,1.5800000429153442,1.4700000286102295,1.5800000429153442,1.4700000286102295,36100.0,1.4700000286102295,1.8422233736515046,1.6915376234054564
2020-02-05,1.5299999713897705,1.3899999856948853,1.4600000381469727,1.5,19300.0,1.5,1.8391403234004975,1.6803444004058838
2020-02-06,1.6139999628067017,1.4900000095367432,1.559999942779541,1.4900000095367432,14500.0,1.4900000095367432,1.8359123575687408,1.6689511775970458
2020-02-07,1.5499999523162842,1.4299999475479126,1.5099999904632568,1.4500000476837158,33700.0,1.4500000476837158,1.8330538833141328,1.6586562657356263
2020-02-10,1.5010000467300415,1.399999976158142,1.5010000467300415,1.4199999570846558,46500.0,1.4199999570846558,1.8303776121139526,1.6481410121917726
2020-02-11,1.5399999618530273,1.2999999523162842,1.3849999904632568,1.3600000143051147,73000.0,1.3600000143051147,1.8274013411998749,1.637469825744629
2020-02-12,1.4800000190734863,1.2999999523162842,1.440000057220459,1.4800000190734863,83500.0,1.4800000190734863,1.8245552396774292,1.6287240648269654
2020-02-13,1.4900000095367432,1.4500000476837158,1.475000023841858,1.4900000095367432,20700.0,1.4900000095367432,1.8216120195388794,1.6218867778778077
2020-02-14,1.5299999713897705,1.4270000457763672,1.4500000476837158,1.5299999713897705,15000.0,1.5299999713897705,1.818916256427765,1.6173681330680847
2020-02-18,1.4900000095367432,1.4550000429153442,1.4609999656677246,1.4800000190734863,1000.0,1.4800000190734863,1.8161603236198425,1.611090168952942
2020-02-19,1.4800000190734863,1.4210000038146973,1.4390000104904175,1.4800000190734863,1400.0,1.4800000190734863,1.8134518492221832,1.6046223735809326
2020-02-20,1.5199999809265137,1.3799999952316284,1.4199999570846558,1.5099999904632568,11100.0,1.5099999904632568,1.8100865948200227,1.6000833892822266
2020-02-21,1.7300000190734863,1.4600000381469727,1.4600000381469727,1.6799999475479126,255300.0,1.6799999475479126,1.8079510015249252,1.5989444041252137
2020-02-24,1.9199999570846558,1.7400000095367432,1.7400000095367432,1.7999999523162842,487200.0,1.7999999523162842,1.8058933752775193,1.6003952503204346
2020-02-25,1.7999999523162842,1.6610000133514404,1.75,1.6610000133514404,8800.0,1.6610000133514404,1.8030458337068558,1.5975474548339843
2020-02-26,1.7400000095367432,1.6180000305175781,1.6399999856948853,1.6699999570846558,47300.0,1.6699999570846558,1.8006229519844055,1.5956389784812928
2020-02-27,1.690000057220459,1.440000057220459,1.6799999475479126,1.5399999618530273,60000.0,1.5399999618530273,1.7984043085575103,1.5905610132217407
2020-02-28,1.5700000524520874,1.4500000476837158,1.5199999809265137,1.5180000066757202,10900.0,1.5180000066757202,1.795790918469429,1.5848532176017762
2020-03-02,1.659999966621399,1.5789999961853027,1.600000023841858,1.659999966621399,11800.0,1.659999966621399,1.7939824438095093,1.5834850811958312
2020-03-03,1.649999976158142,1.5099999904632568,1.6260000467300415,1.5499999523162842,2200.0,1.5499999523162842,1.7915290534496306,1.5803155899047852
2020-03-04,1.5499999523162842,1.5,1.5499999523162842,1.5299999713897705,8100.0,1.5299999713897705,1.7890231204032898,1.575702030658722
2020-03-05,1.5399999618530273,1.475000023841858,1.475000023841858,1.5199999809265137,3000.0,1.5199999809265137,1.7869417649507522,1.5715528774261474
2020-03-06,1.5570000410079956,1.4559999704360962,1.5099999904632568,1.4600000381469727,4200.0,1.4600000381469727,1.7838960021734238,1.5662037253379821
2020-03-09,1.409999966621399,1.3300000429153442,1.3300000429153442,1.3700000047683716,8300.0,1.3700000047683716,1.780305323600769,1.5603833866119385
2020-03-10,1.4229999780654907,1.350000023841858,1.350000023841858,1.4040000438690186,16600.0,1.4040000438690186,1.7769321036338805,1.5544837284088135
2020-03-11,1.4700000286102295,1.4119999408721924,1.4700000286102295,1.4119999408721924,700.0,1.4119999408721924,1.7736463403701783,1.5495033884048461
2020-03-12,1.4199999570846558,1.2999999523162842,1.4199999570846558,1.3300000429153442,8500.0,1.3300000429153442,1.7696183747053147,1.5462999987602233
2020-03-13,1.36899995803833,1.25,1.309999942779541,1.25,41300.0,1.25,1.7649531203508377,1.54092711687088
2020-03-16,1.2799999713897705,1.2000000476837158,1.2000000476837158,1.2400000095367432,3100.0,1.2400000095367432,1.7599056631326675,1.5338355922698974
2020-03-17,1.2209999561309814,1.149999976158142,1.2000000476837158,1.2000000476837158,9800.0,1.2000000476837158,1.7547531217336654,1.5249949145317077
2020-03-18,1.1699999570846558,1.100000023841858,1.1699999570846558,1.1150000095367432,5200.0,1.1150000095367432,1.7494603258371353,1.5144542360305786
2020-03-19,1.2400000095367432,1.0800000429153442,1.1100000143051147,1.2200000286102295,10500.0,1.2200000286102295,1.7449298173189163,1.5073423743247987
2020-03-20,1.156000018119812,1.156000018119812,1.156000018119812,1.156000018119812,1200.0,1.156000018119812,1.7404115116596222,1.499899663925171
2020-03-23,1.1699999570846558,1.090000033378601,1.159999966621399,1.090000033378601,1500.0,1.090000033378601,1.735563206076622,1.4913267827033996
2020-03-24,1.2100000381469727,1.100000023841858,1.149999976158142,1.2100000381469727,3700.0,1.2100000381469727,1.7312199860811233,1.4847742414474487
2020-03-25,1.2100000381469727,1.2100000381469727,1.2100000381469727,1.2100000381469727,500.0,1.2100000381469727,1.726971680521965,1.478981020450592
2020-03-26,1.2200000286102295,1.1200000047683716,1.1299999952316284,1.1699999570846558,2800.0,1.1699999570846558,1.7228081214427948,1.469920003414154
2020-03-27,1.1950000524520874,1.159999966621399,1.1699999570846558,1.1799999475479126,6800.0,1.1799999475479126,1.7187420201301575,1.459920003414154
2020-03-30,1.2200000286102295,1.149999976158142,1.2200000286102295,1.149999976158142,500.0,1.149999976158142,1.715142867565155,1.447920002937317
2020-03-31,1.1399999856948853,1.1399999856948853,1.1399999856948853,1.1399999856948853,1000.0,1.1399999856948853,1.7117784607410431,1.4355200028419495
2020-04-01,1.159999966621399,1.1100000143051147,1.159999966621399,1.1100000143051147,500.0,1.1100000143051147,1.7080742233991624,1.4235200023651122
2020-04-02,1.1299999952316284,1.1130000352859497,1.1130000352859497,1.1299999952316284,1300.0,1.1299999952316284,1.704612359404564,1.4121200013160706
2020-04-03,1.2000000476837158,1.0700000524520874,1.100000023841858,1.2000000476837158,18700.0,1.2000000476837158,1.7014055800437928,1.4041200017929076
2020-04-06,1.1200000047683716,1.1119999885559082,1.1119999885559082,1.1200000047683716,3300.0,1.1200000047683716,1.6977988004684448,1.3941200017929076
2020-04-07,1.1510000228881836,1.100000023841858,1.1510000228881836,1.1200000047683716,10000.0,1.1200000047683716,1.6945716816186904,1.384520001411438
2020-04-08,1.1200000047683716,1.100000023841858,1.100000023841858,1.1200000047683716,12000.0,1.1200000047683716,1.691107274889946,1.374720001220703
2020-04-09,1.2100000381469727,1.2100000381469727,1.2100000381469727,1.2100000381469727,400.0,1.2100000381469727,1.6883301562070847,1.3679200029373169
2020-04-13,1.2300000190734863,1.1799999475479126,1.2200000286102295,1.2000000476837158,8400.0,1.2000000476837158,1.6855979532003402,1.3623200035095215
2020-04-14,1.194000005722046,1.194000005722046,1.194000005722046,1.194000005722046,600.0,1.194000005722046,1.6832628685235977,1.3616000032424926
2020-04-15,1.194000005722046,1.194000005722046,1.194000005722046,1.194000005722046,0.0,1.194000005722046,1.680690495967865,1.3538800024986266
2020-04-16,1.2899999618530273,1.25,1.2899999618530273,1.25,800.0,1.25,1.6782794791460036,1.3494800019264221
2020-04-17,1.190000057220459,1.190000057220459,1.190000057220459,1.190000057220459,700.0,1.190000057220459,1.67559219121933,1.3432800030708314
2020-04-20,1.2000000476837158,1.1970000267028809,1.2000000476837158,1.2000000476837158,3000.0,1.2000000476837158,1.6729549032449722,1.3374800038337709
2020-04-21,1.2000000476837158,1.2000000476837158,1.2000000476837158,1.2000000476837158,0.0,1.2000000476837158,1.670222700238228,1.3324800038337707
2020-04-22,1.1200000047683716,1.100000023841858,1.1200000047683716,1.1200000047683716,36000.0,1.1200000047683716,1.6672803276777268,1.326480004787445
2020-04-23,1.1649999618530273,1.059999942779541,1.100000023841858,1.1649999618530273,14600.0,1.1649999618530273,1.6644680392742157,1.3225800037384032
2020-04-24,1.1649999618530273,1.1649999618530273,1.1649999618530273,1.1649999618530273,0.0,1.1649999618530273,1.661371005177498,1.3162800025939942
2020-04-27,1.2699999809265137,1.1699999570846558,1.1699999570846558,1.2699999809265137,4000.0,1.2699999809265137,1.6590362590551377,1.3118800020217896
2020-04-28,1.3799999952316284,1.2699999809265137,1.2699999809265137,1.350000023841858,6800.0,1.350000023841858,1.6570065981149673,1.3082800030708313
2020-04-29,1.399999976158142,1.3200000524520874,1.3200000524520874,1.3799999952316284,33500.0,1.3799999952316284,1.6552218520641326,1.3062800025939942
2020-04-30,1.4299999475479126,1.350000023841858,1.4199999570846558,1.350000023841858,2000.0,1.350000023841858,1.653429479598999,1.3036800026893616
2020-05-01,1.4199999570846558,1.3600000143051147,1.3899999856948853,1.4199999570846558,3900.0,1.4199999570846558,1.651868462562561,1.3018800020217896
2020-05-04,1.4500000476837158,1.2799999713897705,1.4500000476837158,1.3450000286102295,8800.0,1.3450000286102295,1.6496714287996292,1.2951800036430359
2020-05-05,1.3700000047683716,1.3600000143051147,1.3700000047683716,1.3600000143051147,2300.0,1.3600000143051147,1.6476917678117753,1.2863800048828125
2020-05-06,1.3600000143051147,1.3600000143051147,1.3600000143051147,1.3600000143051147,200.0,1.3600000143051147,1.6457595646381378,1.280360004901886
2020-05-07,1.3600000143051147,1.3600000143051147,1.3600000143051147,1.3600000143051147,0.0,1.3600000143051147,1.6438273614645005,1.2741600060462952
2020-05-08,1.3600000143051147,1.2660000324249268,1.2660000324249268,1.3600000143051147,1400.0,1.3600000143051147,1.641895158290863,1.270560007095337
2020-05-11,1.309999942779541,1.2200000286102295,1.309999942779541,1.2999999523162842,3800.0,1.2999999523162842,1.6396629548072814,1.2662000060081482
2020-05-12,1.2999999523162842,1.2999999523162842,1.2999999523162842,1.2999999523162842,1000.0,1.2999999523162842,1.6377154970169068,1.2590000057220458
2020-05-13,1.2999999523162842,1.1100000143051147,1.2100000381469727,1.2999999523162842,8000.0,1.2999999523162842,1.635601937174797,1.254000005722046
2020-05-14,1.2999999523162842,1.1399999856948853,1.2999999523162842,1.215000033378601,4200.0,1.215000033378601,1.6336565983295441,1.2477000069618225
2020-05-15,1.215000033378601,1.215000033378601,1.215000033378601,1.215000033378601,0.0,1.215000033378601,1.631284140944481,1.2416000080108642
2020-05-18,1.350000023841858,1.2100000381469727,1.2100000381469727,1.309999942779541,6100.0,1.309999942779541,1.6304782086610794,1.2386000061035156
2020-05-19,1.2970000505447388,1.2300000190734863,1.2309999465942383,1.2899999618530273,4000.0,1.2899999618530273,1.6289078694581987,1.2370000052452088
2020-05-20,1.2599999904632568,1.1100000143051147,1.2400000095367432,1.1299999952316284,14700.0,1.1299999952316284,1.6253985476493835,1.231520004272461
2020-05-21,1.2599999904632568,1.2000000476837158,1.2000000476837158,1.2599999904632568,1700.0,1.2599999904632568,1.62268159866333,1.2284800052642821
2020-05-22,1.2699999809265137,1.2300000190734863,1.2699999809265137,1.2699999809265137,1600.0,1.2699999809265137,1.6200146496295929,1.2272800040245055
2020-05-26,1.2699999809265137,1.1799999475479126,1.2170000076293945,1.2699999809265137,8900.0,1.2699999809265137,1.6171578699350357,1.227680003643036
2020-05-27,1.2699999809265137,1.2699999809265137,1.2699999809265137,1.2699999809265137,0.0,1.2699999809265137,1.6140163445472717,1.2282800030708314
2020-05-28,1.25,1.190000057220459,1.190000057220459,1.2289999723434448,4200.0,1.2289999723434448,1.610527446269989,1.2288600015640259
2020-05-29,1.2400000095367432,1.1100000143051147,1.1100000143051147,1.1950000524520874,4600.0,1.1950000524520874,1.6067688870429992,1.2304600024223327
2020-06-01,1.350000023841858,1.2000000476837158,1.350000023841858,1.2000000476837158,1300.0,1.2000000476837158,1.602802786231041,1.2300600028038025
2020-06-02,1.2619999647140503,1.1779999732971191,1.25,1.2599999904632568,9200.0,1.2599999904632568,1.599231600165367,1.2321400022506714
2020-06-03,1.2799999713897705,1.2599999904632568,1.2599999904632568,1.2799999713897705,101100.0,1.2799999713897705,1.5956180411577225,1.2359400010108947
2020-06-04,1.2599999904632568,1.2599999904632568,1.2599999904632568,1.2599999904632568,300.0,1.2599999904632568,1.5916197353601456,1.2369400000572204
2020-06-05,1.2999999523162842,1.2599999904632568,1.2999999523162842,1.2699999809265137,1600.0,1.2699999809265137,1.587291769385338,1.2381399989128112
2020-06-08,1.2699999809265137,1.2599999904632568,1.2599999904632568,1.2699999809265137,10400.0,1.2699999809265137,1.582868887782097,1.2401399993896485
2020-06-09,1.350000023841858,1.2599999904632568,1.350000023841858,1.2599999904632568,1800.0,1.2599999904632568,1.578206176161766,1.2417400002479553
2020-06-10,1.3200000524520874,1.2599999904632568,1.2599999904632568,1.2699999809265137,10000.0,1.2699999809265137,1.5734985500574112,1.2441400003433227
2020-06-11,1.7999999523162842,1.2599999904632568,1.559999942779541,1.2599999904632568,1017900.0,1.2599999904632568,1.5695002442598343,1.2465400004386902
2020-06-12,1.4630000591278076,1.2000000476837158,1.409999966621399,1.25,195600.0,1.25,1.565072278380394,1.2493400001525878
2020-06-15,1.2699999809265137,1.1150000095367432,1.190000057220459,1.2200000286102295,79300.0,1.2200000286102295,1.5601146525144578,1.2511400008201599
2020-06-16,1.4800000190734863,1.149999976158142,1.149999976158142,1.190000057220459,577600.0,1.190000057220459,1.5555290597677232,1.2509400010108949
2020-06-17,1.2400000095367432,1.149999976158142,1.1699999570846558,1.1749999523162842,58100.0,1.1749999523162842,1.5505362635850906,1.252039999961853
2020-06-18,1.2230000495910645,1.149999976158142,1.1799999475479126,1.1699999570846558,54600.0,1.1699999570846558,1.5460405004024507,1.2530399990081786
2020-06-19,1.2400000095367432,1.149999976158142,1.2200000286102295,1.149999976158142,73600.0,1.149999976158142,1.5416345673799514,1.253639998435974
2020-06-22,1.190000057220459,1.149999976158142,1.1799999475479126,1.149999976158142,37500.0,1.149999976158142,1.5369913470745087,1.2524399971961975
2020-06-23,1.2300000190734863,1.1699999570846558,1.2100000381469727,1.1799999475479126,30500.0,1.1799999475479126,1.5327354139089584,1.2520399951934815
2020-06-24,1.2400000095367432,1.159999966621399,1.184000015258789,1.159999966621399,28200.0,1.159999966621399,1.528616770505905,1.2513599944114686
2020-06-25,1.2400000095367432,1.159999966621399,1.2400000095367432,1.190000057220459,4600.0,1.190000057220459,1.5248379576206208,1.2512799954414369
2020-06-26,1.2100000381469727,1.149999976158142,1.2100000381469727,1.184999942779541,111600.0,1.184999942779541,1.521176517009735,1.2499799942970276
2020-06-29,1.2300000190734863,1.1699999570846558,1.1699999570846558,1.184999942779541,4900.0,1.184999942779541,1.5177523642778397,1.2498799920082093
2020-06-30,1.2000000476837158,1.1299999952316284,1.1299999952316284,1.159999966621399,21800.0,1.159999966621399,1.5150574493408202,1.249079990386963
2020-07-01,1.2400000095367432,1.159999966621399,1.159999966621399,1.1699999570846558,12200.0,1.1699999570846558,1.5123650765419006,1.2484799885749818
2020-07-02,1.2400000095367432,1.1699999570846558,1.1699999570846558,1.1699999570846558,37300.0,1.1699999570846558,1.509672703742981,1.2494799876213074
2020-07-06,1.2300000190734863,1.1399999856948853,1.1399999856948853,1.2200000286102295,98400.0,1.2200000286102295,1.5077049070596695,1.2505799889564515
2020-07-07,1.2200000286102295,1.1699999570846558,1.1699999570846558,1.1799999475479126,25900.0,1.1799999475479126,1.5056320255994797,1.2508799886703492
2020-07-08,1.2400000095367432,1.2000000476837158,1.2000000476837158,1.2100000381469727,14500.0,1.2100000381469727,1.5032345682382584,1.2496799898147584
2020-07-09,1.340000033378601,1.1799999475479126,1.2039999961853027,1.2999999523162842,524700.0,1.2999999523162842,1.5014769411087037,1.2486799883842468
2020-07-10,1.600000023841858,1.2300000190734863,1.409999966621399,1.246000051498413,1822600.0,1.246000051498413,1.4994493144750596,1.2459999895095826
2020-07-13,1.2599999904632568,1.149999976158142,1.2300000190734863,1.149999976158142,214600.0,1.149999976158142,1.4968942296504975,1.241999988555908
2020-07-14,1.2300000190734863,1.159999966621399,1.1699999570846558,1.1699999570846558,128500.0,1.1699999570846558,1.4941069412231445,1.2369999885559082
2020-07-15,1.25,1.1799999475479126,1.2050000429153442,1.2000000476837158,76000.0,1.2000000476837158,1.4915930432081224,1.2340999889373778
2020-07-16,1.2899999618530273,1.1699999570846558,1.190000057220459,1.190000057220459,383600.0,1.190000057220459,1.4889057552814484,1.2306999897956847
2020-07-17,1.2400000095367432,1.149999976158142,1.2100000381469727,1.159999966621399,189200.0,1.159999966621399,1.4861159247159959,1.2266999888420105
2020-07-20,1.2100000381469727,1.149999976158142,1.149999976158142,1.190000057220459,36500.0,1.190000057220459,1.4834760946035386,1.2232999897003174
2020-07-21,1.2100000381469727,1.159999966621399,1.1799999475479126,1.1799999475479126,42700.0,1.1799999475479126,1.4808811795711518,1.2196999883651733
2020-07-22,1.1950000524520874,1.159999966621399,1.190000057220459,1.1699999570846558,29600.0,1.1699999570846558,1.4781413489580155,1.2170999884605407
2020-07-23,1.2200000286102295,1.1699999570846558,1.1699999570846558,1.1890000104904175,7600.0,1.1890000104904175,1.475496518611908,1.2148799896240234
2020-07-24,1.190000057220459,1.159999966621399,1.159999966621399,1.1699999570846558,10700.0,1.1699999570846558,1.4726570272445678,1.2122799897193908
2020-07-27,1.190000057220459,1.149999976158142,1.159999966621399,1.190000057220459,33500.0,1.190000057220459,1.4699697393178939,1.211779990196228
2020-07-28,1.190000057220459,1.149999976158142,1.159999966621399,1.159999966621399,18500.0,1.159999966621399,1.4671324509382249,1.210679988861084
2020-07-29,1.2400000095367432,1.1699999570846558,1.1699999570846558,1.1799999475479126,78600.0,1.1799999475479126,1.464537535905838,1.2080799889564515
2020-07-30,1.1799999475479126,1.149999976158142,1.1699999570846558,1.1699999570846558,41500.0,1.1699999570846558,1.461892620921135,1.205679988861084
2020-07-31,1.2300000190734863,1.149999976158142,1.190000057220459,1.159999966621399,57400.0,1.159999966621399,1.4592926210165025,1.2062799882888795
2020-08-03,1.2300000190734863,1.149999976158142,1.149999976158142,1.1799999475479126,52300.0,1.1799999475479126,1.4567451632022859,1.2046799874305725
2020-08-04,1.2200000286102295,1.1799999475479126,1.1799999475479126,1.190000057220459,47500.0,1.190000057220459,1.454152790904045,1.2030799889564514
2020-08-05,1.5,1.159999966621399,1.2000000476837158,1.350000023841858,1752200.0,1.350000023841858,1.4523604184389114,1.2046799898147582
2020-08-06,1.2799999713897705,1.1699999570846558,1.2300000190734863,1.1799999475479126,446900.0,1.1799999475479126,1.4496705877780913,1.2028799891471862
2020-08-07,1.190000057220459,1.159999966621399,1.1699999570846558,1.190000057220459,92300.0,1.190000057220459,1.4469832998514176,1.2020999908447265
2020-08-10,1.2100000381469727,1.159999966621399,1.2100000381469727,1.1749999523162842,71300.0,1.1749999523162842,1.4437464356422425,1.2016999888420106
2020-08-11,1.2000000476837158,1.1649999618530273,1.1799999475479126,1.190000057220459,92500.0,1.190000057220459,1.4408218598365783,1.2014999890327454
2020-08-12,1.1799999475479126,1.159999966621399,1.1710000038146973,1.159999966621399,72600.0,1.159999966621399,1.437771012187004,1.1994999885559081
2020-08-13,1.190000057220459,1.159999966621399,1.1649999618530273,1.1799999475479126,28800.0,1.1799999475479126,1.4347015208005904,1.197499988079071
2020-08-14,1.1699999570846558,1.100000023841858,1.159999966621399,1.1100000143051147,217500.0,1.1100000143051147,1.431282029747963,1.1944999885559082
2020-08-17,1.159999966621399,1.0,1.1100000143051147,1.1399999856948853,462100.0,1.1399999856948853,1.4279650807380677,1.1918999886512756
2020-08-18,1.2699999809265137,1.1059999465942383,1.1399999856948853,1.190000057220459,970300.0,1.190000057220459,1.4248981320858,1.1902999901771545
2020-08-19,1.2899999618530273,1.159999966621399,1.2899999618530273,1.1799999475479126,962900.0,1.1799999475479126,1.42140152156353,1.1886999893188477
2020-08-20,1.0800000429153442,1.0099999904632568,1.0199999809265137,1.0299999713897705,540600.0,1.0299999713897705,1.417154911160469,1.1838999891281128
2020-08-21,1.100000023841858,1.0,1.100000023841858,1.0099999904632568,174200.0,1.0099999904632568,1.4126659280061722,1.178899989128113
2020-08-24,1.0199999809265137,0.9070000052452087,1.0199999809265137,0.9879999756813049,167900.0,0.9879999756813049,1.4080669447779655,1.173659988641739
2020-08-25,0.9800000190734863,0.8999999761581421,0.8999999761581421,0.9700000286102295,81900.0,0.9700000286102295,1.4034254196286202,1.1686599886417388
2020-08-26,1.0,0.9300000071525574,1.0,0.9729999899864197,44000.0,0.9729999899864197,1.3987988942861558,1.1643199872970582
2020-08-27,1.0800000429153442,0.9330000281333923,0.9419999718666077,0.9909999966621399,94900.0,0.9909999966621399,1.393835251033306,1.1606399881839753
2020-08-28,1.0399999618530273,0.9509999752044678,0.9909999966621399,1.0,62800.0,1.0,1.3887742349505425,1.1572399890422822
2020-08-31,1.0099999904632568,0.9509999752044678,1.0,0.9760000109672546,57400.0,0.9760000109672546,1.3834033876657486,1.1537599897384643
2020-09-01,0.9829999804496765,0.9350000023841858,0.9350000023841858,0.9350000023841858,48400.0,0.9350000023841858,1.3778749975562095,1.1494599902629852
2020-09-02,0.9800000190734863,0.9240000247955322,0.9710000157356262,0.9559999704360962,109300.0,0.9559999704360962,1.3722143188118934,1.144979990720749
2020-09-03,0.9909999966621399,0.9100000262260437,0.972000002861023,0.925000011920929,55700.0,0.925000011920929,1.3664460986852647,1.1402799916267394
2020-09-04,0.9430000185966492,0.902999997138977,0.9399999976158142,0.9409999847412109,70000.0,0.9409999847412109,1.3609477084875108,1.1352999901771545
2020-09-08,0.9470000267028809,0.9100000262260437,0.9369999766349792,0.9200000166893005,24100.0,0.9200000166893005,1.355249402821064,1.1299999916553498
2020-09-09,0.9490000009536743,0.9100000262260437,0.9480000138282776,0.9229999780654907,18400.0,0.9229999780654907,1.3495660969614982,1.1247599923610687
2020-09-10,1.0,0.9020000100135803,0.9020000100135803,0.9509999752044678,35500.0,0.9509999752044678,1.3440227910876275,1.12057999253273
2020-09-11,0.9700000286102295,0.8579999804496765,0.921999990940094,0.8920000195503235,48100.0,0.8920000195503235,1.3386590629816055,1.1150199937820435
2020-09-14,0.9259999990463257,0.8939999938011169,0.9010000228881836,0.8960000276565552,14000.0,0.8960000276565552,1.3334102499485017,1.1095399951934815
2020-09-15,0.9300000071525574,0.8700000047683716,0.9079999923706055,0.9139999747276306,12500.0,0.9139999747276306,1.3285124531388284,1.1034199941158294
2020-09-16,0.9200000166893005,0.8799999952316284,0.9150000214576721,0.8830000162124634,24700.0,0.8830000162124634,1.3233410128951073,1.0974799954891206
2020-09-17,0.9100000262260437,0.8500000238418579,0.8859999775886536,0.8500000238418579,76700.0,0.8500000238418579,1.3184316912293434,1.0902799952030182
2020-09-18,0.8799999952316284,0.8500000238418579,0.8500000238418579,0.8650000095367432,28400.0,0.8650000095367432,1.3139770302176474,1.0815799963474273
2020-09-21,0.8600000143051147,0.800000011920929,0.8600000143051147,0.8080000281333923,94400.0,0.8080000281333923,1.3090475392341614,1.072819995880127
2020-09-22,0.8199999928474426,0.800000011920929,0.800000011920929,0.8130000233650208,59100.0,0.8130000233650208,1.3040955904126168,1.0660799968242645
2020-09-23,0.8100000023841858,0.75,0.8100000023841858,0.796999990940094,40900.0,0.796999990940094,1.2993958443403244,1.0586199975013733
2020-09-24,0.800000011920929,0.7440000176429749,0.7699999809265137,0.7580000162124634,72200.0,0.7580000162124634,1.2945010983943939,1.0497799968719483
2020-09-25,0.800000011920929,0.7440000176429749,0.800000011920929,0.75,51600.0,0.75,1.2896138101816177,1.040979995727539
2020-09-28,0.8500000238418579,0.6480000019073486,0.777999997138977,0.7080000042915344,2728200.0,0.7080000042915344,1.2841368612647057,1.0319399964809417
2020-09-29,0.7049999833106995,0.6520000100135803,0.6800000071525574,0.6759999990463257,360300.0,0.6759999990463257,1.278689742386341,1.0216599953174592
2020-09-30,0.6959999799728394,0.6480000019073486,0.6959999799728394,0.6499999761581421,243200.0,0.6499999761581421,1.2729702511429786,1.0110599958896638
2020-10-01,0.6779999732971191,0.6480000019073486,0.6779999732971191,0.6669999957084656,158400.0,0.6669999957084656,1.2672883021831511,1.00099999666214
2020-10-02,0.6779999732971191,0.6259999871253967,0.6439999938011169,0.6600000262260437,168400.0,0.6600000262260437,1.2619462683796883,0.9904199969768525
2020-10-05,0.7900000214576721,0.6499999761581421,0.675000011920929,0.7440000176429749,961200.0,0.7440000176429749,1.2571238958835602,0.9818999981880188
2020-10-06,0.7670000195503235,0.699999988079071,0.699999988079071,0.7670000195503235,295100.0,0.7670000195503235,1.252155506312847,0.9734399974346161
2020-10-07,0.7820000052452087,0.7300000190734863,0.7350000143051147,0.7599999904632568,194900.0,0.7599999904632568,1.2473182180523872,0.9654399979114533
2020-10-08,0.7870000004768372,0.7279999852180481,0.7279999852180481,0.75,92500.0,0.75,1.242430929839611,0.956839998960495
2020-10-09,0.777999997138977,0.7300000190734863,0.75,0.7599999904632568,113200.0,0.7599999904632568,1.2379258450865747,0.948639999628067
2020-10-12,0.949999988079071,0.7599999904632568,0.7910000085830688,0.9160000085830688,669800.0,0.9160000085830688,1.2340109303593636,0.9437600004673005
2020-10-13,0.8899999856948853,0.8100000023841858,0.8899999856948853,0.8100000023841858,156800.0,0.8100000023841858,1.2297558456659317,0.9363600015640259
2020-10-14,0.8799999952316284,0.8100000023841858,0.8100000023841858,0.8379999995231628,49500.0,0.8379999995231628,1.226494998037815,0.92932000041008
2020-10-15,0.8550000190734863,0.8140000104904175,0.8199999928474426,0.8299999833106995,53200.0,0.8299999833106995,1.2230517774820329,0.9189199995994568
2020-10-16,0.9900000095367432,0.8100000023841858,0.8140000104904175,0.8600000143051147,661900.0,0.8600000143051147,1.219378896355629,0.9125200009346008
2020-10-19,0.9100000262260437,0.8539999723434448,0.8759999871253967,0.9079999923706055,140000.0,0.9079999923706055,1.215708726644516,0.9068799996376038
2020-10-20,0.9490000009536743,0.8809999823570251,0.8949999809265137,0.9350000023841858,93500.0,0.9350000023841858,1.2121735569834708,0.9020800006389618
2020-10-21,1.100000023841858,0.9110000133514404,0.9350000023841858,1.0399999618530273,292900.0,1.0399999618530273,1.20949559122324,0.8990799987316132
2020-10-22,1.059999942779541,0.9610000252723694,1.0299999713897705,1.0299999713897705,764100.0,1.0299999713897705,1.2070049133896827,0.8964799988269806
2020-10-23,1.0299999713897705,0.9760000109672546,0.9760000109672546,0.9890000224113464,99100.0,0.9890000224113464,1.2043566930294036,0.8926600003242493
2020-10-26,1.0199999809265137,0.8109999895095825,0.8700000047683716,0.9649999737739563,195800.0,0.9649999737739563,1.2014935573935508,0.889759999513626
2020-10-27,0.9900000095367432,0.8799999952316284,0.9649999737739563,0.9129999876022339,91700.0,0.9129999876022339,1.198560251891613,0.8852199995517731
2020-10-28,0.8999999761581421,0.8539999723434448,0.8889999985694885,0.8539999723434448,32500.0,0.8539999723434448,1.1947149977087974,0.8784999978542328
2020-10-29,0.921999990940094,0.8569999933242798,0.8999999761581421,0.8569999933242798,99700.0,0.8569999933242798,1.1905999979376793,0.8720399987697601
2020-10-30,0.8880000114440918,0.8199999928474426,0.8610000014305115,0.824999988079071,28200.0,0.824999988079071,1.1859749978780747,0.8679399991035461
2020-11-02,0.8899999856948853,0.8299999833106995,0.8899999856948853,0.8299999833106995,33300.0,0.8299999833106995,1.181324997842312,0.864339998960495
2020-11-03,0.8899999856948853,0.8379999995231628,0.8759999871253967,0.8659999966621399,22400.0,0.8659999966621399,1.1771049976348877,0.8618999993801117
2020-11-04,0.9599999785423279,0.8700000047683716,0.8899999856948853,0.9169999957084656,71500.0,0.9169999957084656,1.1731899973750115,0.8608399987220764
2020-11-05,0.9210000038146973,0.8220000267028809,0.8880000114440918,0.8650000095367432,53100.0,0.8650000095367432,1.169514997303486,0.8586799991130829
2020-11-06,0.8799999952316284,0.8370000123977661,0.8399999737739563,0.8659999966621399,9000.0,0.8659999966621399,1.1657449972629548,0.8561799991130828
2020-11-09,0.9079999923706055,0.8700000047683716,0.8799999952316284,0.8790000081062317,66400.0,0.8790000081062317,1.1621399971842765,0.8537599992752075
2020-11-10,0.9480000138282776,0.8619999885559082,0.921999990940094,0.902999997138977,10200.0,0.902999997138977,1.158604997098446,0.852299998998642
2020-11-11,0.8999999761581421,0.8429999947547913,0.8999999761581421,0.8519999980926514,14500.0,0.8519999980926514,1.1551149973273278,0.8506399989128113
2020-11-12,0.890999972820282,0.824999988079071,0.890999972820282,0.8759999871253967,42600.0,0.8759999871253967,1.1520949971675873,0.8490399992465973
2020-11-13,0.875,0.8500000238418579,0.8700000047683716,0.8700000047683716,12800.0,0.8700000047683716,1.1502949970960616,0.8479399991035461
2020-11-16,0.8999999761581421,0.8600000143051147,0.8840000033378601,0.8899999856948853,10700.0,0.8899999856948853,1.1468449968099594,0.8469199991226196
2020-11-17,0.8899999856948853,0.8019999861717224,0.8560000061988831,0.8320000171661377,133200.0,0.8320000171661377,1.143654996752739,0.8451599991321563
2020-11-18,0.8700000047683716,0.8349999785423279,0.8500000238418579,0.8500000238418579,53100.0,0.8500000238418579,1.1404049968719483,0.8437000000476838
2020-11-19,0.8799999952316284,0.8600000143051147,0.875,0.8600000143051147,26500.0,0.8600000143051147,1.1372549968957901,0.8418800008296966
2020-11-20,0.8870000243186951,0.8600000143051147,0.8600000143051147,0.8690000176429749,28900.0,0.8690000176429749,1.1343499967455863,0.8414200007915497
2020-11-23,0.8799999952316284,0.8709999918937683,0.8799999952316284,0.8709999918937683,14600.0,0.8709999918937683,1.131604996919632,0.840920000076294
2020-11-24,0.8999999761581421,0.8650000095367432,0.8690000176429749,0.8999999761581421,76900.0,0.8999999761581421,1.129304996728897,0.8406400001049041
2020-11-25,1.0800000429153442,0.9200000166893005,0.9200000166893005,0.9869999885559082,638200.0,0.9869999885559082,1.1268399965763092,0.8427199995517731
2020-11-27,0.9800000190734863,0.9509999752044678,0.953000009059906,0.9610000252723694,47700.0,0.9610000252723694,1.1241949966549873,0.8449399995803833
2020-11-30,0.949999988079071,0.9020000100135803,0.9039999842643738,0.949999988079071,64200.0,0.949999988079071,1.1212949967384338,0.8466399991512299
2020-12-01,0.9520000219345093,0.8989999890327454,0.8989999890327454,0.9150000214576721,49400.0,0.9150000214576721,1.1184699967503549,0.8487799990177155
2020-12-02,0.9409999847412109,0.8949999809265137,0.8949999809265137,0.9169999957084656,25500.0,0.9169999957084656,1.1156549966335296,0.8508599984645844
2020-12-03,0.9449999928474426,0.9200000166893005,0.9449999928474426,0.9309999942779541,85900.0,0.9309999942779541,1.1127599966526032,0.8535399985313415
2020-12-04,0.9800000190734863,0.9210000038146973,0.9409999847412109,0.9599999785423279,60800.0,0.9599999785423279,1.1091599968075752,0.8575799977779388
2020-12-07,1.0299999713897705,0.9599999785423279,0.9610000252723694,1.0,136400.0,1.0,1.1051599970459938,0.8625799977779388
2020-12-08,1.0399999618530273,0.9819999933242798,1.0399999618530273,1.0099999904632568,98800.0,1.0099999904632568,1.1019049969315529,0.8686199975013733
2020-12-09,1.0199999809265137,0.9620000123977661,1.0099999904632568,0.9779999852180481,28600.0,0.9779999852180481,1.0984449970722199,0.8746599972248077
2020-12-10,1.2799999713897705,0.9810000061988831,0.9810000061988831,1.1699999570846558,1086600.0,1.1699999570846558,1.096594997048378,0.885059996843338
2020-12-11,1.190000057220459,1.0099999904632568,1.190000057220459,1.0299999713897705,320400.0,1.0299999713897705,1.0941549968719482,0.8923199963569641
2020-12-14,1.090000033378601,1.0,1.090000033378601,1.00600004196167,59500.0,1.00600004196167,1.0908849972486496,0.8992399966716766
2020-12-15,1.059999942779541,0.972000002861023,1.059999942779541,0.9800000190734863,69700.0,0.9800000190734863,1.0880349975824357,0.9039599967002868
2020-12-16,1.0700000524520874,0.9980000257492065,0.9980000257492065,1.0299999713897705,102900.0,1.0299999713897705,1.0855349975824355,0.9092199957370758
2020-12-17,1.0410000085830688,1.0,1.0299999713897705,1.0,25600.0,1.0,1.082934997677803,0.9140199959278107
2020-12-18,1.0199999809265137,1.0,1.0,1.0,18100.0,1.0,1.0806349974870681,0.9190199959278107
2020-12-21,1.0099999904632568,0.9810000061988831,1.0,0.9810000061988831,66800.0,0.9810000061988831,1.0786899974942208,0.9234399962425232
2020-12-22,1.090000033378601,0.9100000262260437,0.9100000262260437,1.0800000429153442,115900.0,1.0800000429153442,1.0770699974894524,0.9267199969291687
2020-12-23,1.0800000429153442,1.0499999523162842,1.0800000429153442,1.0700000524520874,38000.0,1.0700000524520874,1.0753599980473518,0.9319199979305267
2020-12-24,1.0700000524520874,1.0499999523162842,1.0700000524520874,1.059999942779541,15500.0,1.059999942779541,1.0740099975466728,0.9363599967956543
2020-12-28,1.1799999475479126,1.0199999809265137,1.0299999713897705,1.0499999523162842,381200.0,1.0499999523162842,1.0730099973082543,0.940759996175766
2020-12-29,1.1399999856948853,1.0299999713897705,1.0800000429153442,1.0800000429153442,146400.0,1.0800000429153442,1.0722099974751473,0.9451599967479706
2020-12-30,1.100000023841858,1.0499999523162842,1.100000023841858,1.0700000524520874,75900.0,1.0700000524520874,1.0715599974989891,0.9483999979496002
2020-12-31,1.1100000143051147,1.0700000524520874,1.1100000143051147,1.0800000429153442,16200.0,1.0800000429153442,1.071384997665882,0.9512999987602234
2021-01-04,1.100000023841858,1.0099999904632568,1.100000023841858,1.0700000524520874,67200.0,1.0700000524520874,1.0706349977850913,0.9519000005722046
2021-01-05,1.1100000143051147,1.0399999618530273,1.0700000524520874,1.059999942779541,23500.0,1.059999942779541,1.0701549974083902,0.9525
2021-01-06,1.1299999952316284,1.0700000524520874,1.0800000429153442,1.100000023841858,30400.0,1.100000023841858,1.0702049973607064,0.9547200000286102
2021-01-07,1.1349999904632568,1.0800000429153442,1.1299999952316284,1.1100000143051147,42400.0,1.1100000143051147,1.0697049972414971,0.9576200008392334
2021-01-08,1.1299999952316284,1.0540000200271606,1.1100000143051147,1.0800000429153442,86000.0,1.0800000429153442,1.069054997265339,0.9609600019454956
2021-01-11,1.1200000047683716,1.0499999523162842,1.1100000143051147,1.1100000143051147,109200.0,1.1100000143051147,1.0687549975514412,0.966080002784729
2021-01-12,1.100000023841858,0.9879999756813049,1.100000023841858,0.9929999709129333,138200.0,0.9929999709129333,1.0678199976682663,0.9688000023365021
2021-01-13,1.100000023841858,0.9810000061988831,1.0,1.0299999713897705,258100.0,1.0299999713897705,1.0672199976444245,0.9729000020027161
2021-01-14,1.1200000047683716,1.0449999570846558,1.1200000047683716,1.090000033378601,293100.0,1.090000033378601,1.066969997882843,0.9781000030040741
2021-01-15,1.1299999952316284,1.0700000524520874,1.1299999952316284,1.0800000429153442,42200.0,1.0800000429153442,1.0668199980258941,0.9823800039291382
2021-01-19,1.1299999952316284,1.0820000171661377,1.0980000495910645,1.090000033378601,73500.0,1.090000033378601,1.0666199982166291,0.9858400046825408
2021-01-20,1.149999976158142,1.0499999523162842,1.090000033378601,1.090000033378601,257200.0,1.090000033378601,1.0660699981451034,0.990340005159378
2021-01-21,1.25,1.0800000429153442,1.1100000143051147,1.1799999475479126,447800.0,1.1799999475479126,1.066369997859001,0.9966200041770935
2021-01-22,1.3200000524520874,1.1699999570846558,1.1799999475479126,1.2799999713897705,255200.0,1.2799999713897705,1.067169997692108,1.0046400034427643
2021-01-25,1.4900000095367432,1.3200000524520874,1.3799999952316284,1.4600000381469727,726300.0,1.4600000381469727,1.068869997859001,1.0157800042629241
2021-01-26,1.4600000381469727,1.340000033378601,1.409999966621399,1.399999976158142,175600.0,1.399999976158142,1.069819997549057,1.026740003824234
2021-01-27,1.4800000190734863,1.3200000524520874,1.4700000286102295,1.3600000143051147,137800.0,1.3600000143051147,1.070619997382164,1.0364200043678284
2021-01-28,1.340000033378601,1.1699999570846558,1.340000033378601,1.2100000381469727,148300.0,1.2100000381469727,1.0706999975442886,1.0432200050354004
2021-01-29,1.5800000429153442,1.1699999570846558,1.2799999713897705,1.440000057220459,2017400.0,1.440000057220459,1.0719299978017807,1.054220006465912
